-- MySQL dump 10.13  Distrib 8.0.13, for Win64 (x86_64)
--
-- Host: localhost    Database: mysite_db
-- ------------------------------------------------------
-- Server version	8.0.13

/*!40101 SET @OLD_CHARACTER_SET_CLIENT=@@CHARACTER_SET_CLIENT */;
/*!40101 SET @OLD_CHARACTER_SET_RESULTS=@@CHARACTER_SET_RESULTS */;
/*!40101 SET @OLD_COLLATION_CONNECTION=@@COLLATION_CONNECTION */;
 SET NAMES utf8mb4 ;
/*!40103 SET @OLD_TIME_ZONE=@@TIME_ZONE */;
/*!40103 SET TIME_ZONE='+00:00' */;
/*!40014 SET @OLD_UNIQUE_CHECKS=@@UNIQUE_CHECKS, UNIQUE_CHECKS=0 */;
/*!40014 SET @OLD_FOREIGN_KEY_CHECKS=@@FOREIGN_KEY_CHECKS, FOREIGN_KEY_CHECKS=0 */;
/*!40101 SET @OLD_SQL_MODE=@@SQL_MODE, SQL_MODE='NO_AUTO_VALUE_ON_ZERO' */;
/*!40111 SET @OLD_SQL_NOTES=@@SQL_NOTES, SQL_NOTES=0 */;

--
-- Table structure for table `auth_group`
--

DROP TABLE IF EXISTS `auth_group`;
/*!40101 SET @saved_cs_client     = @@character_set_client */;
 SET character_set_client = utf8mb4 ;
CREATE TABLE `auth_group` (
  `id` int(11) NOT NULL AUTO_INCREMENT,
  `name` varchar(150) NOT NULL,
  PRIMARY KEY (`id`),
  UNIQUE KEY `name` (`name`)
) ENGINE=InnoDB DEFAULT CHARSET=utf8;
/*!40101 SET character_set_client = @saved_cs_client */;

--
-- Dumping data for table `auth_group`
--

LOCK TABLES `auth_group` WRITE;
/*!40000 ALTER TABLE `auth_group` DISABLE KEYS */;
/*!40000 ALTER TABLE `auth_group` ENABLE KEYS */;
UNLOCK TABLES;

--
-- Table structure for table `auth_group_permissions`
--

DROP TABLE IF EXISTS `auth_group_permissions`;
/*!40101 SET @saved_cs_client     = @@character_set_client */;
 SET character_set_client = utf8mb4 ;
CREATE TABLE `auth_group_permissions` (
  `id` int(11) NOT NULL AUTO_INCREMENT,
  `group_id` int(11) NOT NULL,
  `permission_id` int(11) NOT NULL,
  PRIMARY KEY (`id`),
  UNIQUE KEY `auth_group_permissions_group_id_permission_id_0cd325b0_uniq` (`group_id`,`permission_id`),
  KEY `auth_group_permissio_permission_id_84c5c92e_fk_auth_perm` (`permission_id`),
  CONSTRAINT `auth_group_permissio_permission_id_84c5c92e_fk_auth_perm` FOREIGN KEY (`permission_id`) REFERENCES `auth_permission` (`id`),
  CONSTRAINT `auth_group_permissions_group_id_b120cbf9_fk_auth_group_id` FOREIGN KEY (`group_id`) REFERENCES `auth_group` (`id`)
) ENGINE=InnoDB DEFAULT CHARSET=utf8;
/*!40101 SET character_set_client = @saved_cs_client */;

--
-- Dumping data for table `auth_group_permissions`
--

LOCK TABLES `auth_group_permissions` WRITE;
/*!40000 ALTER TABLE `auth_group_permissions` DISABLE KEYS */;
/*!40000 ALTER TABLE `auth_group_permissions` ENABLE KEYS */;
UNLOCK TABLES;

--
-- Table structure for table `auth_permission`
--

DROP TABLE IF EXISTS `auth_permission`;
/*!40101 SET @saved_cs_client     = @@character_set_client */;
 SET character_set_client = utf8mb4 ;
CREATE TABLE `auth_permission` (
  `id` int(11) NOT NULL AUTO_INCREMENT,
  `name` varchar(255) NOT NULL,
  `content_type_id` int(11) NOT NULL,
  `codename` varchar(100) NOT NULL,
  PRIMARY KEY (`id`),
  UNIQUE KEY `auth_permission_content_type_id_codename_01ab375a_uniq` (`content_type_id`,`codename`),
  CONSTRAINT `auth_permission_content_type_id_2f476e4b_fk_django_co` FOREIGN KEY (`content_type_id`) REFERENCES `django_content_type` (`id`)
) ENGINE=InnoDB AUTO_INCREMENT=93 DEFAULT CHARSET=utf8;
/*!40101 SET character_set_client = @saved_cs_client */;

--
-- Dumping data for table `auth_permission`
--

LOCK TABLES `auth_permission` WRITE;
/*!40000 ALTER TABLE `auth_permission` DISABLE KEYS */;
INSERT INTO `auth_permission` VALUES (1,'Can add log entry',1,'add_logentry'),(2,'Can change log entry',1,'change_logentry'),(3,'Can delete log entry',1,'delete_logentry'),(4,'Can view log entry',1,'view_logentry'),(5,'Can add permission',2,'add_permission'),(6,'Can change permission',2,'change_permission'),(7,'Can delete permission',2,'delete_permission'),(8,'Can view permission',2,'view_permission'),(9,'Can add group',3,'add_group'),(10,'Can change group',3,'change_group'),(11,'Can delete group',3,'delete_group'),(12,'Can view group',3,'view_group'),(13,'Can add user',4,'add_user'),(14,'Can change user',4,'change_user'),(15,'Can delete user',4,'delete_user'),(16,'Can view user',4,'view_user'),(17,'Can add content type',5,'add_contenttype'),(18,'Can change content type',5,'change_contenttype'),(19,'Can delete content type',5,'delete_contenttype'),(20,'Can view content type',5,'view_contenttype'),(21,'Can add session',6,'add_session'),(22,'Can change session',6,'change_session'),(23,'Can delete session',6,'delete_session'),(24,'Can view session',6,'view_session'),(25,'Can add blog type',7,'add_blogtype'),(26,'Can change blog type',7,'change_blogtype'),(27,'Can delete blog type',7,'delete_blogtype'),(28,'Can view blog type',7,'view_blogtype'),(29,'Can add blog',8,'add_blog'),(30,'Can change blog',8,'change_blog'),(31,'Can delete blog',8,'delete_blog'),(32,'Can view blog',8,'view_blog'),(33,'Can add read num',9,'add_readnum'),(34,'Can change read num',9,'change_readnum'),(35,'Can delete read num',9,'delete_readnum'),(36,'Can view read num',9,'view_readnum'),(37,'Can add read num',10,'add_readnum'),(38,'Can change read num',10,'change_readnum'),(39,'Can delete read num',10,'delete_readnum'),(40,'Can view read num',10,'view_readnum'),(41,'Can add read detail',11,'add_readdetail'),(42,'Can change read detail',11,'change_readdetail'),(43,'Can delete read detail',11,'delete_readdetail'),(44,'Can view read detail',11,'view_readdetail'),(45,'Can add comment',12,'add_comment'),(46,'Can change comment',12,'change_comment'),(47,'Can delete comment',12,'delete_comment'),(48,'Can view comment',12,'view_comment'),(49,'Can add like record',13,'add_likerecord'),(50,'Can change like record',13,'change_likerecord'),(51,'Can delete like record',13,'delete_likerecord'),(52,'Can view like record',13,'view_likerecord'),(53,'Can add like count',14,'add_likecount'),(54,'Can change like count',14,'change_likecount'),(55,'Can delete like count',14,'delete_likecount'),(56,'Can view like count',14,'view_likecount'),(57,'Can add profile',15,'add_profile'),(58,'Can change profile',15,'change_profile'),(59,'Can delete profile',15,'delete_profile'),(60,'Can view profile',15,'view_profile'),(61,'Can add notification',16,'add_notification'),(62,'Can change notification',16,'change_notification'),(63,'Can delete notification',16,'delete_notification'),(64,'Can view notification',16,'view_notification'),(65,'Can add captcha store',17,'add_captchastore'),(66,'Can change captcha store',17,'change_captchastore'),(67,'Can delete captcha store',17,'delete_captchastore'),(68,'Can view captcha store',17,'view_captchastore'),(69,'Can add association',18,'add_association'),(70,'Can change association',18,'change_association'),(71,'Can delete association',18,'delete_association'),(72,'Can view association',18,'view_association'),(73,'Can add code',19,'add_code'),(74,'Can change code',19,'change_code'),(75,'Can delete code',19,'delete_code'),(76,'Can view code',19,'view_code'),(77,'Can add nonce',20,'add_nonce'),(78,'Can change nonce',20,'change_nonce'),(79,'Can delete nonce',20,'delete_nonce'),(80,'Can view nonce',20,'view_nonce'),(81,'Can add user social auth',21,'add_usersocialauth'),(82,'Can change user social auth',21,'change_usersocialauth'),(83,'Can delete user social auth',21,'delete_usersocialauth'),(84,'Can view user social auth',21,'view_usersocialauth'),(85,'Can add partial',22,'add_partial'),(86,'Can change partial',22,'change_partial'),(87,'Can delete partial',22,'delete_partial'),(88,'Can view partial',22,'view_partial'),(89,'Can add o auth relationship',23,'add_oauthrelationship'),(90,'Can change o auth relationship',23,'change_oauthrelationship'),(91,'Can delete o auth relationship',23,'delete_oauthrelationship'),(92,'Can view o auth relationship',23,'view_oauthrelationship');
/*!40000 ALTER TABLE `auth_permission` ENABLE KEYS */;
UNLOCK TABLES;

--
-- Table structure for table `auth_user`
--

DROP TABLE IF EXISTS `auth_user`;
/*!40101 SET @saved_cs_client     = @@character_set_client */;
 SET character_set_client = utf8mb4 ;
CREATE TABLE `auth_user` (
  `id` int(11) NOT NULL AUTO_INCREMENT,
  `password` varchar(128) NOT NULL,
  `last_login` datetime(6) DEFAULT NULL,
  `is_superuser` tinyint(1) NOT NULL,
  `username` varchar(150) NOT NULL,
  `first_name` varchar(30) NOT NULL,
  `last_name` varchar(150) NOT NULL,
  `email` varchar(254) NOT NULL,
  `is_staff` tinyint(1) NOT NULL,
  `is_active` tinyint(1) NOT NULL,
  `date_joined` datetime(6) NOT NULL,
  PRIMARY KEY (`id`),
  UNIQUE KEY `username` (`username`)
) ENGINE=InnoDB AUTO_INCREMENT=11 DEFAULT CHARSET=utf8;
/*!40101 SET character_set_client = @saved_cs_client */;

--
-- Dumping data for table `auth_user`
--

LOCK TABLES `auth_user` WRITE;
/*!40000 ALTER TABLE `auth_user` DISABLE KEYS */;
INSERT INTO `auth_user` VALUES (1,'pbkdf2_sha256$150000$WKIcCyOyWoeN$F7ypN1DS1cnutJ69qa7/F+TsZ5IRfdO1cw0JPfm6QAo=','2019-12-02 12:36:37.293665',1,'pcw','','','3386993382@qq.com',1,1,'2019-10-29 06:28:00.000000'),(2,'pbkdf2_sha256$150000$5O2oZfFilZQ0$qz/CBVfgablaFoRFAr2rjnsfZQr22qlcSDkm3Ia06L4=','2019-11-11 03:47:21.686000',0,'pcw2','','','1@qq.com',0,1,'2019-11-11 03:47:20.764000'),(3,'pbkdf2_sha256$150000$2zg72f9tWaG1$qDMUy5eh+0WDLMcsbKp0cZN2Sh95BsrGyd2oXMVdfYE=','2019-11-11 03:51:21.273000',0,'pcw3','','','2@qq.com',0,1,'2019-11-11 03:51:20.500000'),(4,'pbkdf2_sha256$150000$wqpXOJ7ibmJz$1BRT1VEYLEWvegdlqIAzYqnWjavb7bY68m1LcYSwFuY=','2019-11-11 03:54:44.294000',0,'pcw4','','','3@qq.com',0,1,'2019-11-11 03:54:43.596000'),(5,'pbkdf2_sha256$150000$9AzrrnNOAv0A$08+tqu7qDqSjg5LrooqUDiD3Hc3ORdClTmF/KFLHggc=','2019-11-11 03:57:09.625000',0,'pcw5','','','5@qq.com',0,1,'2019-11-11 03:57:08.884000'),(6,'pbkdf2_sha256$150000$k8ZrCJ1tSpcX$KwtGzU+IIugrY6osGiCZJLf8KMmw0t2XQ7f6hJaB5N0=','2019-11-16 12:14:21.462000',0,'pcw22','','','pcw18328554889@163.com',0,1,'2019-11-16 11:13:20.319000'),(7,'pbkdf2_sha256$150000$u61jVsNP2Emn$wB2j6A1IwuNXGFSgAJpkQc4ilwh2AuKe7XzVID4NXJ4=','2019-11-22 14:14:36.451193',0,'pcw555','','','',0,1,'2019-11-22 14:14:22.127280'),(8,'pbkdf2_sha256$150000$stYmWiuy8vrh$FI1DyVNaSC/LR9P/C/tE9AM9IZ1l9OUUCcOd1Om7nvk=','2019-11-25 12:32:35.505646',0,'txm','','','1604675177@qq.com',0,1,'2019-11-25 12:32:34.594161'),(9,'pbkdf2_sha256$150000$sMl60mtnVrf8$yeB+Mj7rQDraAdup5OXJ6Jptqe0OH2nTi026oZcjkAs=','2019-12-13 19:20:58.913174',0,'1576129379','','','',0,1,'2019-12-12 13:42:59.657407'),(10,'pbkdf2_sha256$150000$jBILLO4kSvT0$QrnUsLe3bEybGdAQ2n9AAEW/QwtqbjPJHWzdpL5B8qo=','2019-12-12 13:44:42.793080',0,'1576129457','','','',0,1,'2019-12-12 13:44:17.132340');
/*!40000 ALTER TABLE `auth_user` ENABLE KEYS */;
UNLOCK TABLES;

--
-- Table structure for table `auth_user_groups`
--

DROP TABLE IF EXISTS `auth_user_groups`;
/*!40101 SET @saved_cs_client     = @@character_set_client */;
 SET character_set_client = utf8mb4 ;
CREATE TABLE `auth_user_groups` (
  `id` int(11) NOT NULL AUTO_INCREMENT,
  `user_id` int(11) NOT NULL,
  `group_id` int(11) NOT NULL,
  PRIMARY KEY (`id`),
  UNIQUE KEY `auth_user_groups_user_id_group_id_94350c0c_uniq` (`user_id`,`group_id`),
  KEY `auth_user_groups_group_id_97559544_fk_auth_group_id` (`group_id`),
  CONSTRAINT `auth_user_groups_group_id_97559544_fk_auth_group_id` FOREIGN KEY (`group_id`) REFERENCES `auth_group` (`id`),
  CONSTRAINT `auth_user_groups_user_id_6a12ed8b_fk_auth_user_id` FOREIGN KEY (`user_id`) REFERENCES `auth_user` (`id`)
) ENGINE=InnoDB DEFAULT CHARSET=utf8;
/*!40101 SET character_set_client = @saved_cs_client */;

--
-- Dumping data for table `auth_user_groups`
--

LOCK TABLES `auth_user_groups` WRITE;
/*!40000 ALTER TABLE `auth_user_groups` DISABLE KEYS */;
/*!40000 ALTER TABLE `auth_user_groups` ENABLE KEYS */;
UNLOCK TABLES;

--
-- Table structure for table `auth_user_user_permissions`
--

DROP TABLE IF EXISTS `auth_user_user_permissions`;
/*!40101 SET @saved_cs_client     = @@character_set_client */;
 SET character_set_client = utf8mb4 ;
CREATE TABLE `auth_user_user_permissions` (
  `id` int(11) NOT NULL AUTO_INCREMENT,
  `user_id` int(11) NOT NULL,
  `permission_id` int(11) NOT NULL,
  PRIMARY KEY (`id`),
  UNIQUE KEY `auth_user_user_permissions_user_id_permission_id_14a6b632_uniq` (`user_id`,`permission_id`),
  KEY `auth_user_user_permi_permission_id_1fbb5f2c_fk_auth_perm` (`permission_id`),
  CONSTRAINT `auth_user_user_permi_permission_id_1fbb5f2c_fk_auth_perm` FOREIGN KEY (`permission_id`) REFERENCES `auth_permission` (`id`),
  CONSTRAINT `auth_user_user_permissions_user_id_a95ead1b_fk_auth_user_id` FOREIGN KEY (`user_id`) REFERENCES `auth_user` (`id`)
) ENGINE=InnoDB DEFAULT CHARSET=utf8;
/*!40101 SET character_set_client = @saved_cs_client */;

--
-- Dumping data for table `auth_user_user_permissions`
--

LOCK TABLES `auth_user_user_permissions` WRITE;
/*!40000 ALTER TABLE `auth_user_user_permissions` DISABLE KEYS */;
/*!40000 ALTER TABLE `auth_user_user_permissions` ENABLE KEYS */;
UNLOCK TABLES;

--
-- Table structure for table `blog_blog`
--

DROP TABLE IF EXISTS `blog_blog`;
/*!40101 SET @saved_cs_client     = @@character_set_client */;
 SET character_set_client = utf8mb4 ;
CREATE TABLE `blog_blog` (
  `id` int(11) NOT NULL AUTO_INCREMENT,
  `title` varchar(50) NOT NULL,
  `content` longtext NOT NULL,
  `create_time` datetime(6) NOT NULL,
  `last_update_time` datetime(6) NOT NULL,
  `author_id` int(11) NOT NULL,
  `blog_type_id` int(11) NOT NULL,
  PRIMARY KEY (`id`),
  KEY `blog_blog_author_id_8791af69_fk_auth_user_id` (`author_id`),
  KEY `blog_blog_blog_type_id_de11bd65_fk_blog_blogtype_id` (`blog_type_id`),
  CONSTRAINT `blog_blog_author_id_8791af69_fk_auth_user_id` FOREIGN KEY (`author_id`) REFERENCES `auth_user` (`id`),
  CONSTRAINT `blog_blog_blog_type_id_de11bd65_fk_blog_blogtype_id` FOREIGN KEY (`blog_type_id`) REFERENCES `blog_blogtype` (`id`)
) ENGINE=InnoDB AUTO_INCREMENT=113 DEFAULT CHARSET=utf8;
/*!40101 SET character_set_client = @saved_cs_client */;

--
-- Dumping data for table `blog_blog`
--

LOCK TABLES `blog_blog` WRITE;
/*!40000 ALTER TABLE `blog_blog` DISABLE KEYS */;
INSERT INTO `blog_blog` VALUES (7,'你好','<p><img alt=\"\" src=\"/media/upload/2019/11/01/u27517114733925167212fm26gp0.jpg\" style=\"height:444px; width:500px\" />就是的覅偶很配合哦撒旦法就是的覅偶很配合哦撒旦法就是的覅偶很配合哦撒旦法就是的覅偶很配合哦撒旦法就是的覅偶很配合哦撒旦法就是的覅偶很配合哦撒旦法就是的覅偶很配合哦撒旦法就是的覅偶很配合哦撒旦法就是的覅偶很配合哦撒旦法就是的覅偶很配合哦撒旦法就是的覅偶很配合哦撒旦法就是的覅偶很配合哦撒旦法就是的覅偶很配合哦撒旦法就是的覅偶很配合哦撒旦法就是的覅偶很配合哦撒旦法就是的覅偶很配合哦撒旦法就是的覅偶很配合哦撒旦法就是的覅偶很配合哦撒旦法就是的覅偶很配合哦撒旦法就是的覅偶很配合哦撒旦法就是的覅偶很配合哦撒旦法就是的覅偶很配合哦撒旦法就是的覅偶很配合哦撒旦法就是的覅偶很配合哦撒旦法就是的覅偶很配合哦撒旦法就是的覅偶很配合哦撒旦法就是的覅偶很配合哦撒旦法就是的覅偶很配合哦撒旦法就是的覅偶很配合哦撒旦法就是的覅偶很配合哦撒旦法就是的覅偶很配合哦撒旦法就是的覅偶很配合哦撒旦法就是的覅偶很配合哦撒旦法就是的覅偶很配合哦撒旦法就是的覅偶很配合哦撒旦法就是的覅偶很配合哦撒旦法就是的覅偶很配合哦撒旦法就是的覅偶很配合哦撒旦法就是的覅偶很配合哦撒旦法就是的覅偶很配合哦撒旦法就是的覅偶很配合哦撒旦法就是的覅偶很配合哦撒旦法就是的覅偶很配合哦撒旦法就是的覅偶很配合哦撒旦法就是的覅偶很配合哦撒旦法就是的覅偶很配合哦撒旦法就是的覅偶很配合哦撒旦法就是的覅偶很配合哦撒旦法就是的覅偶很配合哦撒旦法就是的覅偶很配合哦撒旦法就是的覅偶很配合哦撒旦法就是的覅偶很配合哦撒旦法就是的覅偶很配合哦撒旦法就是的覅偶很配合哦撒旦法就是的覅偶很配合哦撒旦法就是的覅偶很配合哦撒旦法就是的覅偶很配合哦撒旦法就是的覅偶很配合哦撒旦法就是的覅偶很配合哦撒旦法就是的覅偶很配合哦撒旦法就是的覅偶很配合哦撒旦法就是的覅偶很配合哦撒旦法就是的覅偶很配合哦撒旦法就是的覅偶很配合哦撒旦法就是的覅偶很配合哦撒旦法就是的覅偶很配合哦撒旦法就是的覅偶很配合哦撒旦法就是的覅偶很配合哦撒旦法就是的覅偶很配合哦撒旦法就是的覅偶很配合哦撒旦法就是的覅偶很配合哦撒旦法就是的覅偶很配合哦撒旦法就是的覅偶很配合哦撒旦法就是的覅偶很配合哦撒旦法就是的覅偶很配合哦撒旦法就是的覅偶很配合哦撒旦法就是的覅偶很配合哦撒旦法就是的覅偶很配合哦撒旦法就是的覅偶很配合哦撒旦法就是的覅偶很配合哦撒旦法就是的覅偶很配合哦撒旦法就是的</p>\r\n\r\n<p><img alt=\"\" src=\"/media/upload/2019/11/01/u27517114733925167212fm26gp0_0ud55Ah.jpg\" style=\"height:266px; width:300px\" /></p>\r\n\r\n<p>覅偶很配合哦撒旦法就是的覅偶很配合哦撒旦法就是的覅偶很配合哦撒旦法就是的覅偶很配合哦撒旦法就是的覅偶很配合哦撒旦法就是的覅偶很配合哦撒旦法就是的覅偶很配合哦撒旦法就是的覅偶很配合哦撒旦法就是的覅偶很配合哦撒旦法就是的覅偶很配合哦撒旦法就是的覅偶很配合哦撒旦法就是的覅偶很配合哦撒旦法就是的覅偶很配合哦撒旦法就是的覅偶很配合哦撒旦法就是的覅偶很配合哦撒旦法就是的覅偶很配合哦撒旦法就是的覅偶很配合哦撒旦法就是的覅偶很配合哦撒旦法就是的覅偶很配合哦撒旦法就是的覅偶很配合哦撒旦法就是的覅偶很配合哦撒旦法就是的覅偶很配合哦撒旦法就是的覅偶很配合哦撒旦法就是的覅偶很配合哦撒旦法就是的覅偶很配合哦撒旦法就是的覅偶很配合哦撒旦法就是的覅偶很配合哦撒旦法就是的覅偶很配合哦撒旦法就是的覅偶很配合哦撒旦法就是的覅偶很配合哦撒旦法就是的覅偶很配合哦撒旦法就是的覅偶很配合哦撒旦法就是的覅偶很配合哦撒旦法就是的覅偶很配合哦撒旦法就是的覅偶很配合哦撒旦法就是的覅偶很配合哦撒旦法就是的覅偶很配合哦撒旦法就是的覅偶很配合哦撒旦法就是的覅偶很配合哦撒旦法就是的覅偶很配合哦撒旦法就是的覅偶很配合哦撒旦法就是的覅偶很配合哦撒旦法就是的覅偶很配合哦撒旦法就是的覅偶很配合哦撒旦法就是的覅偶很配合哦撒旦法就是的覅偶很配合哦撒旦法就是的覅偶很配合哦撒旦法就是的覅偶很配合哦撒旦法就是的覅偶很配合哦撒旦法</p>','2019-10-29 07:53:11.897000','2019-11-01 05:14:52.633000',1,2),(8,'我们','<h2>一、测试</h2>\r\n\r\n<p>认同和卡时间不发你来吧立刻就是大部分认同和 <strong>卡时间不发你来吧立刻就是大部分认同和卡时间不发你</strong><br />\r\n来吧立刻就是大部分认同和卡时间不发你来吧立刻就是大部分认同和卡时间不发你来吧立刻就是大部分认同和卡时间不发你来吧立刻就是大部分认同和卡时间不发你来吧立刻就是大部分认同和卡时间不发你来吧立刻就是大部分认同和卡时间不发你来吧立刻就是大部分认同和卡时间不发你来吧立刻就是大部分认同和卡时间不发你来吧立刻就是大部分认同和卡时间不发你来吧立刻就是大部分</p>\r\n\r\n<p><span style=\"background-color:#1abc9c\">十多个<span style=\"color:#e74c3c\">爱上咖啡馆我阿努力</span></span><span style=\"color:#c0392b\">日嘎收到符合法定</span></p>','2019-10-30 01:28:45.926000','2019-11-01 02:59:56.165000',1,2),(9,'儿童无6','yeuje6u的条件以及大热天金额认同和卡时间不发你来吧立刻就是大部分认同和卡时间不发你来吧立刻就是大部分认同和卡时间不发你来吧立刻就是大部分认同和卡时间不发你来吧立刻就是大部分认同和卡时间不发你来吧立刻就是大部分认同和卡时间不发你来吧立刻就是大部分认同和卡时间不发你来吧立刻就是大部分认同和卡时间不发你来吧立刻就是大部分','2019-10-30 01:28:57.639000','2019-10-30 08:55:15.891000',1,1),(10,'shell下的第一篇','XXXXXX','2019-10-31 01:44:58.186000','2019-10-31 01:44:58.187000',1,1),(11,'for 1','XXXX:1','2019-10-31 01:53:05.115000','2019-10-31 01:53:05.115000',1,1),(12,'for 2','XXXX:2','2019-10-31 01:53:05.191000','2019-10-31 01:53:05.191000',1,1),(13,'for 3','XXXX:3','2019-10-31 01:53:05.270000','2019-10-31 01:53:05.270000',1,1),(14,'for 4','XXXX:4','2019-10-31 01:53:05.353000','2019-10-31 01:53:05.353000',1,1),(15,'for 5','XXXX:5','2019-10-31 01:53:05.432000','2019-10-31 01:53:05.432000',1,1),(16,'for 6','XXXX:6','2019-10-31 01:53:05.510000','2019-10-31 01:53:05.511000',1,1),(17,'for 7','XXXX:7','2019-10-31 01:53:05.574000','2019-10-31 01:53:05.574000',1,1),(18,'for 8','XXXX:8','2019-10-31 01:53:05.665000','2019-10-31 01:53:05.665000',1,1),(19,'for 9','XXXX:9','2019-10-31 01:53:05.745000','2019-10-31 01:53:05.745000',1,1),(20,'for 10','XXXX:10','2019-10-31 01:53:05.821000','2019-10-31 01:53:05.821000',1,1),(21,'for 11','XXXX:11','2019-10-31 01:53:05.898000','2019-10-31 01:53:05.898000',1,1),(22,'for 12','XXXX:12','2019-10-31 01:53:05.973000','2019-10-31 01:53:05.973000',1,1),(23,'for 13','XXXX:13','2019-10-31 01:53:06.077000','2019-10-31 01:53:06.077000',1,1),(24,'for 14','XXXX:14','2019-10-31 01:53:06.149000','2019-10-31 01:53:06.149000',1,1),(25,'for 15','XXXX:15','2019-10-31 01:53:06.227000','2019-10-31 01:53:06.227000',1,1),(26,'for 16','XXXX:16','2019-10-31 01:53:06.303000','2019-10-31 01:53:06.303000',1,1),(27,'for 17','XXXX:17','2019-10-31 01:53:06.386000','2019-10-31 01:53:06.386000',1,1),(28,'for 18','XXXX:18','2019-10-31 01:53:06.465000','2019-10-31 01:53:06.465000',1,1),(29,'for 19','XXXX:19','2019-10-31 01:53:06.530000','2019-10-31 01:53:06.530000',1,1),(30,'for 20','XXXX:20','2019-10-31 01:53:06.591000','2019-10-31 01:53:06.591000',1,1),(31,'for 21','XXXX:21','2019-10-31 01:53:06.650000','2019-10-31 01:53:06.650000',1,1),(32,'for 22','XXXX:22','2019-10-31 01:53:06.710000','2019-10-31 01:53:06.710000',1,1),(33,'for 23','XXXX:23','2019-10-31 01:53:06.783000','2019-10-31 01:53:06.783000',1,1),(34,'for 24','XXXX:24','2019-10-31 01:53:06.852000','2019-10-31 01:53:06.852000',1,1),(35,'for 25','XXXX:25','2019-10-31 01:53:06.918000','2019-10-31 01:53:06.918000',1,1),(36,'for 26','XXXX:26','2019-10-31 01:53:06.982000','2019-10-31 01:53:06.982000',1,1),(37,'for 27','XXXX:27','2019-10-31 01:53:07.044000','2019-10-31 01:53:07.044000',1,1),(38,'for 28','XXXX:28','2019-10-31 01:53:07.116000','2019-10-31 01:53:07.116000',1,1),(39,'for 29','XXXX:29','2019-10-31 01:53:07.195000','2019-10-31 01:53:07.195000',1,1),(40,'for 30','XXXX:30','2019-10-31 01:53:07.271000','2019-10-31 01:53:07.271000',1,1),(41,'for 31','XXXX:31','2019-10-31 05:44:09.212000','2019-10-31 05:44:09.212000',1,1),(42,'for 32','XXXX:32','2019-10-31 05:44:09.294000','2019-10-31 05:44:09.294000',1,1),(43,'for 33','XXXX:33','2019-10-31 05:44:09.381000','2019-10-31 05:44:09.381000',1,1),(44,'for 34','XXXX:34','2019-10-31 05:44:09.465000','2019-10-31 05:44:09.465000',1,1),(45,'for 35','XXXX:35','2019-10-31 05:44:09.548000','2019-10-31 05:44:09.548000',1,1),(46,'for 36','XXXX:36','2019-10-31 05:44:09.630000','2019-10-31 05:44:09.630000',1,1),(47,'for 37','XXXX:37','2019-10-31 05:44:09.714000','2019-10-31 05:44:09.714000',1,1),(48,'for 38','XXXX:38','2019-10-31 05:44:09.809000','2019-10-31 05:44:09.809000',1,1),(49,'for 39','XXXX:39','2019-10-31 05:44:09.897000','2019-10-31 05:44:09.897000',1,1),(50,'for 40','XXXX:40','2019-10-31 05:44:09.987000','2019-10-31 05:44:09.987000',1,1),(51,'for 41','XXXX:41','2019-10-31 05:44:10.075000','2019-10-31 05:44:10.075000',1,1),(52,'for 42','XXXX:42','2019-10-31 05:44:10.140000','2019-10-31 05:44:10.140000',1,1),(53,'for 43','XXXX:43','2019-10-31 05:44:10.223000','2019-10-31 05:44:10.223000',1,1),(54,'for 44','XXXX:44','2019-10-31 05:44:10.297000','2019-10-31 05:44:10.297000',1,1),(55,'for 45','XXXX:45','2019-10-31 05:44:10.365000','2019-10-31 05:44:10.366000',1,1),(56,'for 46','XXXX:46','2019-10-31 05:44:10.441000','2019-10-31 05:44:10.441000',1,1),(57,'for 47','XXXX:47','2019-10-31 05:44:10.522000','2019-10-31 05:44:10.522000',1,1),(58,'for 48','XXXX:48','2019-10-31 05:44:10.614000','2019-10-31 05:44:10.614000',1,1),(59,'for 49','XXXX:49','2019-10-31 05:44:10.694000','2019-10-31 05:44:10.694000',1,1),(60,'for 50','XXXX:50','2019-10-31 05:44:10.782000','2019-10-31 05:44:10.783000',1,1),(61,'for 51','XXXX:51','2019-10-31 05:44:10.864000','2019-10-31 05:44:10.864000',1,1),(62,'for 52','XXXX:52','2019-10-31 05:44:10.940000','2019-10-31 05:44:10.940000',1,1),(63,'for 53','XXXX:53','2019-10-31 05:44:11.015000','2019-10-31 05:44:11.015000',1,1),(64,'for 54','XXXX:54','2019-10-31 05:44:11.090000','2019-10-31 05:44:11.090000',1,1),(65,'for 55','XXXX:55','2019-10-31 05:44:11.165000','2019-10-31 05:44:11.165000',1,1),(66,'for 56','XXXX:56','2019-10-31 05:44:11.248000','2019-10-31 05:44:11.248000',1,1),(67,'for 57','XXXX:57','2019-10-31 05:44:11.324000','2019-10-31 05:44:11.324000',1,1),(68,'for 58','XXXX:58','2019-10-31 05:44:11.389000','2019-10-31 05:44:11.390000',1,1),(69,'for 59','XXXX:59','2019-10-31 05:44:11.459000','2019-10-31 05:44:11.459000',1,1),(70,'for 60','XXXX:60','2019-10-31 05:44:11.527000','2019-10-31 05:44:11.527000',1,1),(71,'for 61','XXXX:61','2019-10-31 05:44:11.598000','2019-10-31 05:44:11.599000',1,1),(72,'for 62','XXXX:62','2019-10-31 05:44:11.682000','2019-10-31 05:44:11.682000',1,1),(73,'for 63','XXXX:63','2019-10-31 05:44:11.761000','2019-10-31 05:44:11.761000',1,1),(74,'for 64','XXXX:64','2019-10-31 05:44:11.833000','2019-10-31 05:44:11.833000',1,1),(75,'for 65','XXXX:65','2019-10-31 05:44:11.898000','2019-10-31 05:44:11.898000',1,1),(76,'for 66','XXXX:66','2019-10-31 05:44:11.972000','2019-10-31 05:44:11.972000',1,1),(77,'for 67','XXXX:67','2019-10-31 05:44:12.047000','2019-10-31 05:44:12.047000',1,1),(78,'for 68','XXXX:68','2019-10-31 05:44:12.135000','2019-10-31 05:44:12.135000',1,1),(79,'for 69','XXXX:69','2019-10-31 05:44:12.198000','2019-10-31 05:44:12.198000',1,1),(80,'for 70','XXXX:70','2019-10-31 05:44:12.265000','2019-10-31 05:44:12.265000',1,1),(81,'for 71','XXXX:71','2019-10-31 05:44:12.331000','2019-10-31 05:44:12.331000',1,1),(82,'for 72','XXXX:72','2019-10-31 05:44:12.406000','2019-10-31 05:44:12.406000',1,1),(83,'for 73','XXXX:73','2019-10-31 05:44:12.489000','2019-10-31 05:44:12.489000',1,1),(84,'for 74','XXXX:74','2019-10-31 05:44:12.569000','2019-10-31 05:44:12.570000',1,1),(85,'for 75','XXXX:75','2019-10-31 05:44:12.639000','2019-10-31 05:44:12.639000',1,1),(86,'for 76','XXXX:76','2019-10-31 05:44:12.706000','2019-10-31 05:44:12.706000',1,1),(87,'for 77','XXXX:77','2019-10-31 05:44:12.777000','2019-10-31 05:44:12.777000',1,1),(88,'for 78','XXXX:78','2019-10-31 05:44:12.848000','2019-10-31 05:44:12.848000',1,1),(89,'for 79','XXXX:79','2019-10-31 05:44:12.927000','2019-10-31 05:44:12.927000',1,1),(90,'for 80','XXXX:80','2019-10-31 05:44:13.011000','2019-10-31 05:44:13.011000',1,1),(91,'for 81','XXXX:81','2019-10-31 05:44:13.092000','2019-10-31 05:44:13.092000',1,1),(92,'for 82','XXXX:82','2019-10-31 05:44:13.179000','2019-10-31 05:44:13.179000',1,1),(93,'for 83','XXXX:83','2019-10-31 05:44:13.255000','2019-10-31 05:44:13.255000',1,1),(94,'for 84','XXXX:84','2019-10-31 05:44:13.341000','2019-10-31 05:44:13.341000',1,1),(95,'for 85','XXXX:85','2019-10-31 05:44:13.426000','2019-10-31 05:44:13.426000',1,1),(96,'for 86','XXXX:86','2019-10-31 05:44:13.508000','2019-10-31 05:44:13.508000',1,1),(97,'for 87','XXXX:87','2019-10-31 05:44:13.597000','2019-10-31 05:44:13.597000',1,1),(98,'for 88','XXXX:88','2019-10-31 05:44:13.683000','2019-10-31 05:44:13.683000',1,1),(99,'for 89','XXXX:89','2019-10-31 05:44:13.758000','2019-10-31 05:44:13.758000',1,1),(100,'for 90','XXXX:90','2019-10-31 05:44:13.833000','2019-10-31 05:44:13.833000',1,1),(101,'for 91','XXXX:91','2019-10-31 05:44:13.924000','2019-10-31 05:44:13.924000',1,1),(102,'for 92','XXXX:92','2019-10-31 05:44:14.008000','2019-10-31 05:44:14.008000',1,1),(103,'for 93','XXXX:93','2019-10-31 05:44:14.083000','2019-10-31 05:44:14.083000',1,1),(104,'for 94','XXXX:94','2019-10-31 05:44:14.157000','2019-10-31 05:44:14.157000',1,1),(105,'for 95','XXXX:95','2019-10-31 05:44:14.233000','2019-10-31 05:44:14.233000',1,1),(106,'for 96','XXXX:96','2019-10-31 05:44:14.309000','2019-10-31 05:44:14.309000',1,1),(107,'for 97','XXXX:97','2019-10-31 05:44:14.385000','2019-10-31 05:44:14.385000',1,1),(108,'for 98','XXXX:98','2019-10-31 05:44:14.472000','2019-10-31 05:44:14.472000',1,1),(109,'for 99','XXXX:99','2019-10-31 05:44:14.555000','2019-10-31 05:44:14.555000',1,1),(110,'for 100','XXXX:100','2019-10-31 05:44:14.633000','2019-10-31 05:44:14.633000',1,1),(111,'让所有人','让他有合适的粉红色让他和他人让他有合适的粉红色让他和他人让他有合适的粉红色让他和他人让他有合适的粉红色让他和他人让他有合适的粉红色让他和他人让他有合适的粉红色让他和他人让他有合适的粉红色让他和他人让他有合适的粉红色让他和他人让他有合适的粉红色让他和他人让他有合适的粉红色让他和他人让他有合适的粉红色让他和他人','2019-10-31 08:04:08.747000','2019-11-04 01:16:26.901000',1,3),(112,'考路上的股票随便','额UI欧冠还不够度搜不过珀斯都发给你搜皮肤给你速配偶估计额UI欧冠还不够度搜不过珀斯都发给你搜皮肤给你速配偶估计额UI欧冠还不够度搜不过珀斯都发给你搜皮肤给你速配偶估计','2019-11-01 02:40:33.137000','2019-11-04 01:38:27.166000',1,3);
/*!40000 ALTER TABLE `blog_blog` ENABLE KEYS */;
UNLOCK TABLES;

--
-- Table structure for table `blog_blogtype`
--

DROP TABLE IF EXISTS `blog_blogtype`;
/*!40101 SET @saved_cs_client     = @@character_set_client */;
 SET character_set_client = utf8mb4 ;
CREATE TABLE `blog_blogtype` (
  `id` int(11) NOT NULL AUTO_INCREMENT,
  `type_name` varchar(15) NOT NULL,
  PRIMARY KEY (`id`)
) ENGINE=InnoDB AUTO_INCREMENT=4 DEFAULT CHARSET=utf8;
/*!40101 SET character_set_client = @saved_cs_client */;

--
-- Dumping data for table `blog_blogtype`
--

LOCK TABLES `blog_blogtype` WRITE;
/*!40000 ALTER TABLE `blog_blogtype` DISABLE KEYS */;
INSERT INTO `blog_blogtype` VALUES (1,'Django'),(2,'随笔'),(3,'感悟');
/*!40000 ALTER TABLE `blog_blogtype` ENABLE KEYS */;
UNLOCK TABLES;

--
-- Table structure for table `captcha_captchastore`
--

DROP TABLE IF EXISTS `captcha_captchastore`;
/*!40101 SET @saved_cs_client     = @@character_set_client */;
 SET character_set_client = utf8mb4 ;
CREATE TABLE `captcha_captchastore` (
  `id` int(11) NOT NULL AUTO_INCREMENT,
  `challenge` varchar(32) NOT NULL,
  `response` varchar(32) NOT NULL,
  `hashkey` varchar(40) NOT NULL,
  `expiration` datetime(6) NOT NULL,
  PRIMARY KEY (`id`),
  UNIQUE KEY `hashkey` (`hashkey`)
) ENGINE=InnoDB AUTO_INCREMENT=170 DEFAULT CHARSET=utf8;
/*!40101 SET character_set_client = @saved_cs_client */;

--
-- Dumping data for table `captcha_captchastore`
--

LOCK TABLES `captcha_captchastore` WRITE;
/*!40000 ALTER TABLE `captcha_captchastore` DISABLE KEYS */;
INSERT INTO `captcha_captchastore` VALUES (70,'IFIQ','ifiq','86700cce063098b0086cee2b6a0bb69e7efc9fd6','2019-12-02 12:38:54.125859'),(71,'RBWK','rbwk','c3130822ce0a27a4599e8777c605436118c3e6f6','2019-12-02 12:38:54.127335'),(72,'BEZO','bezo','fb7a51e5b6b6d756c51a3dc2d08b740b3f9c957f','2019-12-02 12:39:16.904367'),(74,'VENS','vens','91f1aa7f47186eba3fced588ee58e62b273357d2','2019-12-02 12:39:17.320221'),(75,'TZWG','tzwg','3142f1186f0cd96b420ac4f6a0b544f5af0c6d95','2019-12-02 12:39:25.149541'),(77,'PIUE','piue','67add6bfc74022e76e291460344b6e994f58c032','2019-12-02 12:39:25.484420'),(78,'QTRT','qtrt','693b9c99b32ba8c50ba6aac8f722d57555cbad1e','2019-12-02 12:39:40.627023'),(79,'SNXM','snxm','1093ef662ca3c91398b19da84134351b3f191f23','2019-12-02 12:39:40.825173'),(80,'RKFX','rkfx','e73d6113f8b5008d7aceb2e25bcf83119e0b3d52','2019-12-02 12:39:41.051233'),(81,'WJSB','wjsb','966a229d2dd1a237aba55d60a611db456d93e7b2','2019-12-02 12:39:44.217151'),(82,'BLBG','blbg','b73a7a045d6d913b97a1a724f7f90397bd0a8186','2019-12-02 12:40:29.894386'),(83,'LHGA','lhga','44d2a60892de5578d0acd04f2630d50ade33c636','2019-12-02 12:40:42.381976'),(84,'ZHMA','zhma','a580b35f0ec85fa1e3dddc9b04ce01f98cbec9f5','2019-12-02 12:41:08.923425'),(86,'IIIA','iiia','951cc0df495f0165a13ae9e89b700cc0e93d21eb','2019-12-02 12:41:09.179189'),(87,'YVPQ','yvpq','47a7b9708b1fefab9f1b75c686b176d0c5199c85','2019-12-02 12:41:17.888681'),(89,'AVTH','avth','26eacecf4cc93305dfc4a960ed51142599c77e5e','2019-12-02 12:41:18.106965'),(90,'OBKH','obkh','78a606df278434f2fc9a9e258f32b0502b92c8ba','2019-12-02 12:41:37.589899'),(91,'UOIH','uoih','8a256a314ce0cbcab8630931a2d037e04811234f','2019-12-02 12:42:22.684319'),(92,'UQRD','uqrd','6e9e8d1e42e6c5d2acef57303aad69e86396f7dc','2019-12-02 12:42:29.315078'),(93,'BRYL','bryl','822cf3c0da760865e6711fc49ff319d4838ebf3d','2019-12-02 12:42:29.607586'),(94,'MXHS','mxhs','90828f28c30c500513645b8346f2533e57ffedf9','2019-12-02 12:42:35.161067'),(95,'PYMV','pymv','0102bd326aa3b2110b67321c5ae4b74a2df1ccbf','2019-12-02 12:42:35.246300'),(96,'DXNT','dxnt','247c01387b72b1620522298c1c65422683b16ff5','2019-12-02 12:42:39.152268'),(97,'XRDO','xrdo','5f26e4b645949c375c19988e5e4cd0e8cf608ead','2019-12-02 12:42:41.787295'),(98,'IJET','ijet','695518977f067f7689777d123f37fc9949857b28','2019-12-02 12:42:46.607777'),(99,'YHOM','yhom','55c225168c200e0c060986fb8a4af51b947db298','2019-12-02 12:43:52.912686'),(100,'QDPV','qdpv','e660032b51990437ab533d06ec7ce41727007219','2019-12-02 12:44:39.785860'),(101,'MLRB','mlrb','3c2fe9f674ada27e4b6237056114d575aad5156a','2019-12-02 12:44:41.812273'),(102,'JQIA','jqia','2915bba2eee896af8926d5130dd07b856cc31e42','2019-12-02 12:44:42.578505'),(103,'OZSZ','ozsz','618718fa679c7ff63b9260f2da862e13252bb2cb','2019-12-02 12:44:43.349195'),(104,'APHB','aphb','a239569fd8f67133c635ab26c9ab2d5bfe0adb74','2019-12-02 12:45:00.689057'),(105,'VJTN','vjtn','7327b6b3f92c8d3e799ea8b26669834d5daa055e','2019-12-02 12:45:02.956117'),(106,'BUNY','buny','51cd15f39cec66c5f0b002eca1e8a179b66a240e','2019-12-05 11:55:14.189866'),(107,'JIXX','jixx','cb82a488264ac00c6bf8aeba448bcdf56da5cc93','2019-12-05 11:55:46.835888'),(108,'HCXY','hcxy','301d583e72d469161f7297b03ca985eb22b7d07a','2019-12-11 23:03:12.138536'),(109,'GOAM','goam','3f308985233bc14134adbf74fa811ec8f09f1f02','2019-12-11 23:03:16.225183'),(110,'PFGE','pfge','04c989bb2991dfa7462199694093003ba756d51f','2019-12-11 23:03:16.331123'),(111,'QREM','qrem','b6b97f7babc1881f83950c1a880d206360874838','2019-12-11 23:03:16.456073'),(112,'COHY','cohy','1eed1f6d1ef1c39be55d286050f4a0247582de7f','2019-12-11 23:14:19.309889'),(113,'FUGD','fugd','8d6bffb2dc3911ab1e9bbb305e86b8b1b47f2ab1','2019-12-11 23:14:19.862668'),(114,'GHYW','ghyw','4c84ade0f85cf4c613de8042fedc855b638139c1','2019-12-11 23:14:20.170496'),(115,'IXIL','ixil','7a891f28f55f177f52d7a8b020d6cf47af043999','2019-12-11 23:54:40.603872'),(116,'AIKB','aikb','a59d4d54ace145646ea13ac1cefca0e99855b9ae','2019-12-11 23:56:13.964635'),(117,'XTWK','xtwk','a5ae40d53f9d9cdf5aeb1cbb97c08f00b62c863b','2019-12-12 12:57:07.039171'),(118,'GRLH','grlh','0d8621f1c05c74e174573d29fdc017799cc2c1a0','2019-12-12 12:57:13.691795'),(119,'FNAK','fnak','d1d9e01778e73b2effba9d4709c9cde0838c175f','2019-12-12 12:57:13.792807'),(120,'NFAI','nfai','402de9613a81e9f4a626e48a9c1873ca587e29a3','2019-12-12 12:57:13.975685'),(121,'UBRQ','ubrq','8ecb6b34ce3eb5995940d63b5a79183cdf9be3bf','2019-12-12 13:07:36.059696'),(122,'UACB','uacb','52340db58fbc918dde18122b10677e9ecbb2ef42','2019-12-12 13:07:36.229743'),(123,'AQMR','aqmr','156c1c618d48ef23d30f01a32c026d7d50f87be7','2019-12-12 13:07:36.352657'),(124,'DPQT','dpqt','27d2de71c90dbac95248871cf562d2238e64db77','2019-12-12 13:23:36.716618'),(125,'UEQZ','ueqz','05e3917ed7890b818378432077701df4334d65b3','2019-12-12 13:23:51.544898'),(126,'NOBY','noby','ebb0c1fe997385f8b92f7f2fefb6a573d0cce57d','2019-12-12 13:24:38.296033'),(127,'DWJD','dwjd','2158a81471203068dc2eca47a7b28c8a23737823','2019-12-12 13:24:59.052643'),(128,'RWLQ','rwlq','1c2204740be3e5ec411dc59175bebca06c8830ef','2019-12-12 13:25:01.158239'),(129,'WISP','wisp','95e562ec7ceb6d458a8c6e8a927abbda0c05047e','2019-12-12 13:25:32.998490'),(130,'OXXV','oxxv','1d7ec2c58c9376085e160e0d4f74b247745a0ae2','2019-12-12 13:26:01.811381'),(131,'MGHD','mghd','93e1b2749561b51145b0a6aafec0f735d9ba7fd6','2019-12-12 13:32:27.835372'),(132,'URLY','urly','631d6bdaf471f6894c1693d3346006e92f59f414','2019-12-12 13:32:28.027265'),(133,'ZFBK','zfbk','3aef95237e98d2fc0440c06d537b91aea04e9075','2019-12-12 13:35:41.637177'),(134,'TGRS','tgrs','0cb73b77083b5206bf7d200f23866b5a64517a1b','2019-12-12 13:35:53.203864'),(135,'DTXG','dtxg','7c0dc1b981a645765c4cfd7bae6e9887599ef657','2019-12-12 13:35:56.815398'),(136,'OQZH','oqzh','2b3292efc4c48bb55330e287c1c2fc832b0d1df6','2019-12-12 13:36:33.433951'),(137,'MMLS','mmls','afa4cbb8ab53f194799499ad3d3d5c830626f543','2019-12-12 13:36:36.038934'),(138,'DGMB','dgmb','f1ef074fb3c276c7ebb0a4984096d0a9379be447','2019-12-12 13:36:37.385311'),(139,'TVJG','tvjg','25dd311cb26ada9ecf17f769171695e24ddbaaa4','2019-12-12 13:36:40.666443'),(140,'BQCA','bqca','bbcb2137ac7a9881c4370027a2c1d02d8c0dd924','2019-12-12 13:36:41.737227'),(141,'ZLRL','zlrl','9c92a7f57f9bda437419622d4e77a81537addcfa','2019-12-12 13:36:59.233245'),(142,'GTRG','gtrg','5991fefdf437e7811f95d122133121432284f482','2019-12-12 13:37:02.433629'),(143,'NDSN','ndsn','41d99566d161cfd4ff8ecb6d5efee6defd0a9be6','2019-12-12 13:40:31.684669'),(144,'IQMX','iqmx','0574766a1f075daa8776dbb5585604f5c88707ea','2019-12-12 13:43:29.084764'),(145,'QZXD','qzxd','77fc15452a8976237fc1c584af64041807520b6a','2019-12-12 13:47:08.629227'),(146,'TLPM','tlpm','86ec84b26e2d09edf98fc33c553c3ad8c0356d55','2019-12-12 13:48:10.104198'),(147,'MUTI','muti','79956832285937fd49740055e409facdddfc493f','2019-12-12 13:48:20.440369'),(148,'XVGF','xvgf','4bbc789d790b1f16534501236b80f23955fc6f8c','2019-12-12 13:48:22.230121'),(149,'AKJF','akjf','6d3bce8013628ad648d929952b45bea5690eebc0','2019-12-12 13:48:39.291197'),(150,'RFPC','rfpc','1bdecf4813d6d002160d108e3e04a14e86022386','2019-12-12 13:48:42.989142'),(151,'ZOQQ','zoqq','e630d2195ade1e3abda53005e216bb91c85f1214','2019-12-12 13:49:27.049310'),(152,'LERS','lers','2bdca7d37eb75e0bbc6e2a1eb1f1992e7a8e3c62','2019-12-12 13:55:42.624713'),(153,'LXXU','lxxu','c825188371ec51fe59839b4ec57009deefe2c140','2019-12-12 13:56:05.227406'),(154,'MWYO','mwyo','696ccd0fc31f831ca54e9240d5e720f23c8ccd56','2019-12-12 14:39:35.012365'),(155,'LCYN','lcyn','0ef547bddd483c7dc5d93d73dc621e9295ecea3c','2019-12-12 14:41:18.495657'),(156,'WYWJ','wywj','9782299a870abe274a895674ef6197c8586cdfe1','2019-12-12 14:42:00.474544'),(157,'OUIT','ouit','add76ad114b8efe1f326c4e55d0ead9674d8d621','2019-12-12 14:45:38.779836'),(158,'FDQY','fdqy','5aa83c7e3bfdefa75f28a4d5d1489fe74bf80b76','2019-12-12 14:45:52.615796'),(159,'ZKDP','zkdp','a1b704793e74b7dd01b293c22fa7ee5d05c1ae26','2019-12-12 14:49:15.893034'),(160,'CGGT','cggt','a00299b8afa9ffcb6e178a4474587e35fdada80f','2019-12-12 14:51:03.897963'),(161,'FEQR','feqr','72281c6779fe57275c5940d5f322ff6dc397e7be','2019-12-12 14:51:05.434407'),(162,'MAWX','mawx','e7f5895401eaa9e984511ec04e408225fddbc03b','2019-12-12 14:57:39.097505'),(163,'IUBR','iubr','af2f9f222e59b59f4dbb087a625326220c5f6bcf','2019-12-12 14:57:39.101484'),(164,'BKZT','bkzt','de2194f002d549ae63e185a9a0209c19fcbd9a93','2019-12-13 18:54:21.972483'),(165,'FKJG','fkjg','89e8cd3bbd393db9181d17eaa56fba7fc07c392e','2019-12-13 18:56:20.264181'),(166,'WYYW','wyyw','5214119da143ad97ff035f663454123d96d1a49b','2019-12-13 18:57:31.898208'),(167,'SWUF','swuf','90989a95dabd35a0e93ee648c03903b1e522b39b','2019-12-13 19:06:30.067975'),(168,'CCRF','ccrf','bc74b64861327b7b7ad4d65147a178d843985276','2019-12-13 19:24:04.171386'),(169,'IOFR','iofr','40d055e68ec11a97c246f0ec54f947b325943ca5','2019-12-13 19:29:34.624974');
/*!40000 ALTER TABLE `captcha_captchastore` ENABLE KEYS */;
UNLOCK TABLES;

--
-- Table structure for table `comment_comment`
--

DROP TABLE IF EXISTS `comment_comment`;
/*!40101 SET @saved_cs_client     = @@character_set_client */;
 SET character_set_client = utf8mb4 ;
CREATE TABLE `comment_comment` (
  `id` int(11) NOT NULL AUTO_INCREMENT,
  `object_id` int(10) unsigned NOT NULL,
  `text` longtext NOT NULL,
  `comment_time` datetime(6) NOT NULL,
  `content_type_id` int(11) NOT NULL,
  `user_id` int(11) NOT NULL,
  `parent_id` int(11) DEFAULT NULL,
  `reply_to_id` int(11) DEFAULT NULL,
  `root_id` int(11) DEFAULT NULL,
  PRIMARY KEY (`id`),
  KEY `comment_comment_content_type_id_fbfb9793_fk_django_co` (`content_type_id`),
  KEY `comment_comment_parent_id_b612524c_fk_comment_comment_id` (`parent_id`),
  KEY `comment_comment_reply_to_id_e0adcef8_fk_auth_user_id` (`reply_to_id`),
  KEY `comment_comment_root_id_28721811_fk_comment_comment_id` (`root_id`),
  KEY `comment_comment_user_id_6078e57b_fk_auth_user_id` (`user_id`),
  CONSTRAINT `comment_comment_content_type_id_fbfb9793_fk_django_co` FOREIGN KEY (`content_type_id`) REFERENCES `django_content_type` (`id`),
  CONSTRAINT `comment_comment_parent_id_b612524c_fk_comment_comment_id` FOREIGN KEY (`parent_id`) REFERENCES `comment_comment` (`id`),
  CONSTRAINT `comment_comment_reply_to_id_e0adcef8_fk_auth_user_id` FOREIGN KEY (`reply_to_id`) REFERENCES `auth_user` (`id`),
  CONSTRAINT `comment_comment_root_id_28721811_fk_comment_comment_id` FOREIGN KEY (`root_id`) REFERENCES `comment_comment` (`id`),
  CONSTRAINT `comment_comment_user_id_6078e57b_fk_auth_user_id` FOREIGN KEY (`user_id`) REFERENCES `auth_user` (`id`)
) ENGINE=InnoDB AUTO_INCREMENT=91 DEFAULT CHARSET=utf8;
/*!40101 SET character_set_client = @saved_cs_client */;

--
-- Dumping data for table `comment_comment`
--

LOCK TABLES `comment_comment` WRITE;
/*!40000 ALTER TABLE `comment_comment` DISABLE KEYS */;
INSERT INTO `comment_comment` VALUES (5,112,'789','2019-11-06 01:48:36.890000',8,1,NULL,NULL,NULL),(7,112,'147258369','2019-11-06 10:46:27.843000',8,1,NULL,NULL,NULL),(8,112,'6848','2019-11-06 10:46:58.848000',8,1,NULL,NULL,NULL),(9,111,'1259','2019-11-06 10:47:16.039000',8,1,NULL,NULL,NULL),(11,111,'741','2019-11-06 02:48:57.328000',8,1,NULL,NULL,NULL),(12,7,'147852','2019-11-06 02:53:00.977000',8,1,NULL,NULL,NULL),(13,112,'<p>098</p>','2019-11-11 10:22:09.928000',8,1,NULL,NULL,NULL),(14,112,'<p>kyfsdab<strong><span style=\"background-color:#e74c3c\">kjdb</span></strong></p>','2019-11-11 10:25:49.723000',8,1,NULL,NULL,NULL),(15,112,'<p>kyfsdab<strong><span style=\"background-color:#e74c3c\">kjdb</span></strong></p>','2019-11-11 10:26:41.546000',8,1,NULL,NULL,NULL),(16,112,'<p>kuyfkB 看过口语</p>','2019-11-11 10:30:36.791000',8,1,NULL,NULL,NULL),(17,112,'<p>aisyasd<span style=\"color:#e74c3c\">asdasda</span></p>','2019-11-11 10:33:46.228000',8,1,NULL,NULL,NULL),(18,112,'<p>aisyasd<span style=\"color:#e74c3c\">asdasda</span></p>','2019-11-11 10:35:03.320000',8,1,NULL,NULL,NULL),(19,112,'<p><span style=\"color:#f39c12\">ajskdkas</span></p>','2019-11-11 10:44:53.925000',8,1,NULL,NULL,NULL),(20,112,'<p>1221</p>','2019-11-11 10:56:03.184000',8,1,NULL,NULL,NULL),(21,112,'<p>ghf</p>','2019-11-11 11:03:00.914000',8,1,NULL,NULL,NULL),(22,112,'<p>ghf</p>','2019-11-11 11:08:42.446000',8,1,NULL,NULL,NULL),(23,112,'<p>.</p>','2019-11-11 11:11:08.577000',8,1,NULL,NULL,NULL),(24,112,'<p>.</p>','2019-11-11 11:13:56.119000',8,1,NULL,NULL,NULL),(25,112,'<p>..</p>','2019-11-11 11:14:18.779000',8,1,NULL,NULL,NULL),(26,112,'<p>ja<span style=\"color:#c0392b\">dk</span></p>','2019-11-11 11:39:14.885000',8,1,NULL,NULL,NULL),(27,112,'<p>11</p>','2019-11-11 11:39:54.821000',8,1,NULL,NULL,NULL),(28,112,'<p>11</p>','2019-11-11 11:39:59.907000',8,1,NULL,NULL,NULL),(29,112,'<p>22</p>','2019-11-11 11:40:14.686000',8,1,NULL,NULL,NULL),(30,112,'<p>22</p>','2019-11-11 11:40:18.771000',8,1,NULL,NULL,NULL),(31,112,'<p>22</p>','2019-11-11 11:40:20.151000',8,1,NULL,NULL,NULL),(32,112,'<p>22</p>','2019-11-11 11:40:20.365000',8,1,NULL,NULL,NULL),(33,112,'<p>22</p>','2019-11-11 11:40:20.552000',8,1,NULL,NULL,NULL),(34,112,'<p>11</p>','2019-11-11 11:43:38.312000',8,1,NULL,NULL,NULL),(35,112,'<p><img alt=\"laugh\" src=\"http://127.0.0.1:8000/static/ckeditor/ckeditor/plugins/smiley/images/teeth_smile.png\" style=\"height:23px; width:23px\" title=\"laugh\" /></p>','2019-11-11 11:44:07.797000',8,1,NULL,NULL,NULL),(36,112,'<p>12<img alt=\"blush\" src=\"http://127.0.0.1:8000/static/ckeditor/ckeditor/plugins/smiley/images/embarrassed_smile.png\" style=\"height:23px; width:23px\" title=\"blush\" /></p>','2019-11-11 11:44:53.386000',8,1,NULL,NULL,NULL),(37,112,'<p>qq</p>','2019-11-11 11:46:29.527000',8,1,NULL,NULL,NULL),(38,112,'<p>12</p>','2019-11-11 11:47:00.591000',8,1,NULL,NULL,NULL),(39,112,'<p>1</p>','2019-11-11 11:49:06.106000',8,1,NULL,NULL,NULL),(40,112,'<p><img alt=\"enlightened\" src=\"http://127.0.0.1:8000/static/ckeditor/ckeditor/plugins/smiley/images/lightbulb.png\" style=\"height:23px; width:23px\" title=\"enlightened\" /></p>','2019-11-11 11:49:16.193000',8,1,NULL,NULL,NULL),(41,109,'<p>11</p>','2019-11-12 03:54:01.897000',8,1,NULL,NULL,NULL),(42,112,'你好','2019-11-12 04:24:24.557000',8,1,5,NULL,NULL),(43,112,'西米','2019-11-12 06:27:33.490000',8,1,5,1,5),(44,112,'<p><img alt=\"no\" src=\"http://127.0.0.1:8000/static/ckeditor/ckeditor/plugins/smiley/images/thumbs_down.png\" style=\"height:23px; width:23px\" title=\"no\" /></p>','2019-11-12 08:08:34.035000',8,1,40,1,40),(45,112,'<p>00</p>','2019-11-12 08:09:00.010000',8,1,NULL,NULL,NULL),(46,112,'<p>090</p>','2019-11-12 08:21:17.040000',8,1,NULL,NULL,NULL),(47,112,'<p><img alt=\"yes\" src=\"http://127.0.0.1:8000/static/ckeditor/ckeditor/plugins/smiley/images/thumbs_up.png\" style=\"height:23px; width:23px\" title=\"yes\" /></p>','2019-11-12 08:21:36.672000',8,1,44,1,40),(48,112,'<p>11</p>','2019-11-12 12:45:47.139000',8,1,NULL,NULL,NULL),(49,112,'<p>22</p>','2019-11-12 21:11:24.883000',8,1,NULL,NULL,NULL),(50,112,'<p>11</p>','2019-11-13 14:16:33.714000',8,1,NULL,NULL,NULL),(51,112,'<p>21</p>','2019-11-13 14:17:48.377000',8,1,NULL,NULL,NULL),(52,112,'<p>21</p>','2019-11-13 14:17:52.905000',8,1,NULL,NULL,NULL),(53,112,'<p>2</p>','2019-11-13 14:18:04.076000',8,1,NULL,NULL,NULL),(54,112,'<p>2</p>','2019-11-13 14:18:07.037000',8,1,NULL,NULL,NULL),(55,112,'<p>2</p>','2019-11-13 14:18:07.241000',8,1,NULL,NULL,NULL),(56,112,'<p>1</p>','2019-11-13 14:18:33.519000',8,1,NULL,NULL,NULL),(57,112,'<p>1</p>','2019-11-13 14:18:35.430000',8,1,NULL,NULL,NULL),(58,112,'<p>2</p>','2019-11-13 14:18:56.583000',8,1,NULL,NULL,NULL),(59,112,'<p>1</p>','2019-11-13 14:19:02.914000',8,1,NULL,NULL,NULL),(60,112,'<p>2</p>','2019-11-13 14:20:05.253000',8,1,NULL,NULL,NULL),(61,112,'<p>1</p>','2019-11-13 14:20:20.656000',8,1,NULL,NULL,NULL),(62,112,'<p>2</p>','2019-11-13 14:21:20.424000',8,1,NULL,NULL,NULL),(63,112,'<p>2</p>','2019-11-13 14:21:21.760000',8,1,NULL,NULL,NULL),(64,112,'<p>2</p>','2019-11-13 14:21:22.183000',8,1,NULL,NULL,NULL),(65,112,'<p>2</p>','2019-11-13 14:21:22.388000',8,1,NULL,NULL,NULL),(66,112,'<p>你好啊，西米<img alt=\"devil\" src=\"http://127.0.0.1:8000/static/ckeditor/ckeditor/plugins/smiley/images/devil_smile.png\" style=\"height:23px; width:23px\" title=\"devil\" /></p>','2019-11-17 11:30:39.326000',8,1,NULL,NULL,NULL),(67,112,'<p>你好啊，西米<img alt=\"devil\" src=\"http://127.0.0.1:8000/static/ckeditor/ckeditor/plugins/smiley/images/devil_smile.png\" title=\"devil\" /></p>','2019-11-17 11:32:36.204000',8,1,NULL,NULL,NULL),(68,112,'<p>你好啊，西米<img alt=\"devil\" src=\"http://127.0.0.1:8000/static/ckeditor/ckeditor/plugins/smiley/images/devil_smile.png\" title=\"devil\" /></p>','2019-11-17 11:37:14.890000',8,1,NULL,NULL,NULL),(69,112,'<p>回复测试</p>','2019-11-17 11:38:35.693000',8,1,68,1,68),(70,112,'<p>111</p>','2019-11-17 11:57:38.903000',8,1,NULL,NULL,NULL),(71,112,'<p>你好啊<img alt=\"surprise\" src=\"http://127.0.0.1:8000/static/ckeditor/ckeditor/plugins/smiley/images/omg_smile.png\" style=\"height:23px; width:23px\" title=\"surprise\" /></p>','2019-11-17 12:09:09.117000',8,1,NULL,NULL,NULL),(72,112,'<p>html</p>','2019-11-17 12:23:14.695000',8,1,NULL,NULL,NULL),(73,112,'<p>22</p>','2019-11-17 12:24:34.943000',8,1,NULL,NULL,NULL),(74,112,'<p>11</p>','2019-11-17 16:36:57.673000',8,1,NULL,NULL,NULL),(75,112,'<p>111</p>','2019-11-20 11:03:26.833281',8,1,NULL,NULL,NULL),(76,112,'<p>11</p>','2019-11-20 11:05:12.167092',8,1,75,1,75),(77,111,'<p>22</p>','2019-11-20 11:10:14.101815',8,1,NULL,NULL,NULL),(78,111,'<p>123</p>','2019-11-22 13:36:51.333101',8,1,NULL,NULL,NULL),(79,111,'<p><img alt=\"laugh\" src=\"http://127.0.0.1:8000/static/ckeditor/ckeditor/plugins/smiley/images/teeth_smile.png\" style=\"height:23px; width:23px\" title=\"laugh\" /></p>','2019-11-22 13:38:25.468166',8,1,NULL,NULL,NULL),(80,111,'<p><img alt=\"laugh\" src=\"http://127.0.0.1:8000/static/ckeditor/ckeditor/plugins/smiley/images/teeth_smile.png\" style=\"height:23px; width:23px\" title=\"laugh\" /></p>','2019-11-22 13:38:28.085997',8,1,NULL,NULL,NULL),(81,111,'<p><img alt=\"laugh\" src=\"http://127.0.0.1:8000/static/ckeditor/ckeditor/plugins/smiley/images/teeth_smile.png\" style=\"height:23px; width:23px\" title=\"laugh\" /></p>','2019-11-22 13:39:15.920145',8,1,NULL,NULL,NULL),(82,110,'<p><img alt=\"mail\" src=\"http://127.0.0.1:8000/static/ckeditor/ckeditor/plugins/smiley/images/envelope.png\" style=\"height:23px; width:23px\" title=\"mail\" /></p>','2019-11-22 13:49:17.102335',8,1,NULL,NULL,NULL),(83,110,'<p>00</p>','2019-11-22 13:50:11.666470',8,1,NULL,NULL,NULL),(84,111,'<p>11</p>','2019-11-22 13:53:22.255489',8,1,NULL,NULL,NULL),(85,110,'<p>12</p>','2019-11-22 14:07:16.698470',8,1,NULL,NULL,NULL),(86,111,'<p>123</p>','2019-11-22 19:02:21.355114',8,1,NULL,NULL,NULL),(87,110,'<p>222</p>','2019-11-22 19:03:15.166108',8,1,NULL,NULL,NULL),(88,112,'<p>111</p>','2019-11-22 19:07:41.138429',8,1,64,1,64),(89,112,'<p>11</p>','2019-11-24 18:08:01.631847',8,1,88,1,64),(90,112,'<p>jytc</p>','2019-12-12 13:51:10.902432',8,9,NULL,NULL,NULL);
/*!40000 ALTER TABLE `comment_comment` ENABLE KEYS */;
UNLOCK TABLES;

--
-- Table structure for table `django_admin_log`
--

DROP TABLE IF EXISTS `django_admin_log`;
/*!40101 SET @saved_cs_client     = @@character_set_client */;
 SET character_set_client = utf8mb4 ;
CREATE TABLE `django_admin_log` (
  `id` int(11) NOT NULL AUTO_INCREMENT,
  `action_time` datetime(6) NOT NULL,
  `object_id` longtext,
  `object_repr` varchar(200) NOT NULL,
  `action_flag` smallint(5) unsigned NOT NULL,
  `change_message` longtext NOT NULL,
  `content_type_id` int(11) DEFAULT NULL,
  `user_id` int(11) NOT NULL,
  PRIMARY KEY (`id`),
  KEY `django_admin_log_content_type_id_c4bce8eb_fk_django_co` (`content_type_id`),
  KEY `django_admin_log_user_id_c564eba6_fk_auth_user_id` (`user_id`),
  CONSTRAINT `django_admin_log_content_type_id_c4bce8eb_fk_django_co` FOREIGN KEY (`content_type_id`) REFERENCES `django_content_type` (`id`),
  CONSTRAINT `django_admin_log_user_id_c564eba6_fk_auth_user_id` FOREIGN KEY (`user_id`) REFERENCES `auth_user` (`id`)
) ENGINE=InnoDB AUTO_INCREMENT=61 DEFAULT CHARSET=utf8;
/*!40101 SET character_set_client = @saved_cs_client */;

--
-- Dumping data for table `django_admin_log`
--

LOCK TABLES `django_admin_log` WRITE;
/*!40000 ALTER TABLE `django_admin_log` DISABLE KEYS */;
INSERT INTO `django_admin_log` VALUES (1,'2019-10-29 06:29:09.733000','1','BlogType object (1)',1,'[{\"added\": {}}]',7,1),(2,'2019-10-29 06:29:32.100000','2','BlogType object (2)',1,'[{\"added\": {}}]',7,1),(3,'2019-10-29 06:29:37.459000','3','BlogType object (3)',1,'[{\"added\": {}}]',7,1),(4,'2019-10-29 06:36:31.707000','1','<Blog： 第一篇博客>',1,'[{\"added\": {}}]',8,1),(5,'2019-10-29 07:26:08.659000','2','<Blog： 第二篇博客>',1,'[{\"added\": {}}]',8,1),(6,'2019-10-29 07:31:51.491000','2','<Blog： 第二篇博客>',3,'',8,1),(7,'2019-10-29 07:31:51.582000','1','<Blog： 第一篇博客>',3,'',8,1),(8,'2019-10-29 07:32:56.292000','3','<Blog： 1>',1,'[{\"added\": {}}]',8,1),(9,'2019-10-29 07:33:07.596000','4','<Blog： 2>',1,'[{\"added\": {}}]',8,1),(10,'2019-10-29 07:34:14.339000','3','<Blog： 1>',3,'',8,1),(11,'2019-10-29 07:34:14.408000','4','<Blog： 2>',3,'',8,1),(12,'2019-10-29 07:36:26.261000','5','<Blog： 长内容的博客>',1,'[{\"added\": {}}]',8,1),(13,'2019-10-29 07:40:38.093000','5','<Blog： 长内容的博客>',2,'[{\"changed\": {\"fields\": [\"content\"]}}]',8,1),(14,'2019-10-29 07:48:24.837000','5','<Blog： 长内容的博客>',2,'[]',8,1),(15,'2019-10-29 07:51:02.051000','5','<Blog： 长内容的博客>',2,'[{\"changed\": {\"fields\": [\"content\"]}}]',8,1),(16,'2019-10-29 07:51:16.420000','6','<Blog： 额外供热>',1,'[{\"added\": {}}]',8,1),(17,'2019-10-29 07:52:43.882000','5','<Blog： 长内容的博客>',3,'',8,1),(18,'2019-10-29 07:52:43.971000','6','<Blog： 额外供热>',3,'',8,1),(19,'2019-10-29 07:53:11.898000','7','<Blog： 个号>',1,'[{\"added\": {}}]',8,1),(20,'2019-10-30 01:28:45.928000','8','<Blog： the>',1,'[{\"added\": {}}]',8,1),(21,'2019-10-30 01:28:57.640000','9','<Blog： 儿童无6>',1,'[{\"added\": {}}]',8,1),(22,'2019-10-30 01:29:35.616000','8','<Blog： the>',2,'[{\"changed\": {\"fields\": [\"content\"]}}]',8,1),(23,'2019-10-30 07:25:32.612000','7','<Blog： 个号>',2,'[{\"changed\": {\"fields\": [\"content\"]}}]',8,1),(24,'2019-10-30 08:55:10.613000','8','<Blog： the>',2,'[{\"changed\": {\"fields\": [\"content\"]}}]',8,1),(25,'2019-10-30 08:55:15.892000','9','<Blog： 儿童无6>',2,'[{\"changed\": {\"fields\": [\"content\"]}}]',8,1),(26,'2019-10-31 08:04:08.749000','111','<Blog： 让所有人>',1,'[{\"added\": {}}]',8,1),(27,'2019-11-01 02:31:38.917000','8','<Blog： the>',2,'[{\"changed\": {\"fields\": [\"content\"]}}]',8,1),(28,'2019-11-01 02:40:33.139000','112','<Blog： 考路上的股票随便>',1,'[{\"added\": {}}]',8,1),(29,'2019-11-01 02:55:26.534000','7','<Blog： 你好>',2,'[{\"changed\": {\"fields\": [\"title\", \"content\"]}}]',8,1),(30,'2019-11-01 02:59:43.576000','8','<Blog： the>',2,'[{\"changed\": {\"fields\": [\"content\"]}}]',8,1),(31,'2019-11-01 02:59:56.167000','8','<Blog： 我们>',2,'[{\"changed\": {\"fields\": [\"title\"]}}]',8,1),(32,'2019-11-01 05:14:52.660000','7','<Blog： 你好>',2,'[{\"changed\": {\"fields\": [\"content\"]}}]',8,1),(33,'2019-11-04 02:02:53.151000','1','ReadNum object (1)',1,'[{\"added\": {}}]',9,1),(34,'2019-11-04 03:19:13.418000','1','ReadNum object (1)',1,'[{\"added\": {}}]',10,1),(35,'2019-11-04 06:18:14.912000','1','ReadDetail object (1)',1,'[{\"added\": {}}]',11,1),(36,'2019-11-04 06:36:05.383000','4','ReadDetail object (4)',1,'[{\"added\": {}}]',11,1),(37,'2019-11-06 01:48:57.813000','4','Comment object (4)',3,'',12,1),(38,'2019-11-06 01:48:57.906000','3','Comment object (3)',3,'',12,1),(39,'2019-11-06 01:48:58.000000','2','Comment object (2)',3,'',12,1),(40,'2019-11-06 01:48:58.083000','1','Comment object (1)',3,'',12,1),(41,'2019-11-06 01:51:26.886000','6','Comment object (6)',3,'',12,1),(42,'2019-11-12 04:24:24.558000','42','你好',1,'[{\"added\": {}}]',12,1),(43,'2019-11-12 06:27:33.492000','43','西米',1,'[{\"added\": {}}]',12,1),(44,'2019-11-12 21:31:36.865000','10','789',3,'',12,1),(45,'2019-11-14 18:22:28.127000','1','<Profile: 彭传文 for pcw>',1,'[{\"added\": {}}]',15,1),(46,'2019-11-15 19:05:38.195000','1','pcw',2,'[{\"changed\": {\"fields\": [\"email\", \"last_login\"]}}]',4,1),(47,'2019-11-22 12:59:25.333175','1','pcw 你好啊 1 分钟 ago',1,'[{\"added\": {}}]',16,1),(48,'2019-11-22 14:14:22.335230','7','pcw555',1,'[{\"added\": {}}, {\"added\": {\"name\": \"profile\", \"object\": \"<Profile: \\u897f\\u7c73\\u4f60\\u597d for pcw555>\"}}]',4,1),(49,'2019-11-22 18:39:39.073744','4','pcw 彭传文 评论了你的《for 100》 <p>12</p> 4 小时，32 分钟 ago',2,'[{\"changed\": {\"fields\": [\"unread\"]}}]',16,1),(50,'2019-11-22 18:46:43.367576','4','pcw 彭传文 评论了你的《for 100》 <p>12</p> 4 小时，39 分钟 ago',2,'[{\"changed\": {\"fields\": [\"unread\"]}}]',16,1),(51,'2019-11-22 18:48:58.611872','1','pcw 你好啊 5 小时，50 分钟 ago',2,'[{\"changed\": {\"fields\": [\"unread\"]}}]',16,1),(52,'2019-11-22 19:02:03.650282','6','pcw555 注册成功，更多精彩内容等你发现 pcw555 4 小时，47 分钟 ago',3,'',16,1),(53,'2019-11-22 19:02:03.756086','5','pcw 彭传文 点赞了你的评论“12” LikeRecord object (16) 4 小时，54 分钟 ago',3,'',16,1),(54,'2019-11-22 19:02:03.856007','4','pcw 彭传文 评论了你的《for 100》 <p>12</p> 4 小时，55 分钟 ago',3,'',16,1),(55,'2019-11-22 19:02:04.012888','3','pcw 彭传文 评论了你的《让所有人》 <p>11</p> 5 小时，8 分钟 ago',3,'',16,1),(56,'2019-11-22 19:02:04.122824','2','pcw 彭传文 评论了你的《让所有人》 <p><img alt=\"laugh\" src=\"http://127.0.0.1:8000/static/ckeditor/ckeditor/plugins/smiley/images/teeth_smile.png\" style=\"height:23px; width:23px\" title=\"laugh\" /></p> 5 小时，22 分钟 ago',3,'',16,1),(57,'2019-11-22 19:02:04.211771','1','pcw 你好啊 6 小时，4 分钟 ago',3,'',16,1),(58,'2019-11-22 19:02:50.989280','9','pcw 彭传文 评论了你的《让所有人》 <p>123</p> 0 分钟 ago',3,'',16,1),(59,'2019-11-22 19:02:51.126226','8','pcw 彭传文 点赞了你的评论“” LikeRecord object (18) 0 分钟 ago',3,'',16,1),(60,'2019-11-22 19:02:51.204154','7','pcw 彭传文 点赞了你的评论“11” LikeRecord object (17) 0 分钟 ago',3,'',16,1);
/*!40000 ALTER TABLE `django_admin_log` ENABLE KEYS */;
UNLOCK TABLES;

--
-- Table structure for table `django_content_type`
--

DROP TABLE IF EXISTS `django_content_type`;
/*!40101 SET @saved_cs_client     = @@character_set_client */;
 SET character_set_client = utf8mb4 ;
CREATE TABLE `django_content_type` (
  `id` int(11) NOT NULL AUTO_INCREMENT,
  `app_label` varchar(100) NOT NULL,
  `model` varchar(100) NOT NULL,
  PRIMARY KEY (`id`),
  UNIQUE KEY `django_content_type_app_label_model_76bd3d3b_uniq` (`app_label`,`model`)
) ENGINE=InnoDB AUTO_INCREMENT=24 DEFAULT CHARSET=utf8;
/*!40101 SET character_set_client = @saved_cs_client */;

--
-- Dumping data for table `django_content_type`
--

LOCK TABLES `django_content_type` WRITE;
/*!40000 ALTER TABLE `django_content_type` DISABLE KEYS */;
INSERT INTO `django_content_type` VALUES (1,'admin','logentry'),(3,'auth','group'),(2,'auth','permission'),(4,'auth','user'),(8,'blog','blog'),(7,'blog','blogtype'),(9,'blog','readnum'),(17,'captcha','captchastore'),(12,'comment','comment'),(5,'contenttypes','contenttype'),(14,'likes','likecount'),(13,'likes','likerecord'),(16,'notifications','notification'),(11,'read_account','readdetail'),(10,'read_account','readnum'),(6,'sessions','session'),(18,'social_django','association'),(19,'social_django','code'),(20,'social_django','nonce'),(22,'social_django','partial'),(21,'social_django','usersocialauth'),(23,'user','oauthrelationship'),(15,'user','profile');
/*!40000 ALTER TABLE `django_content_type` ENABLE KEYS */;
UNLOCK TABLES;

--
-- Table structure for table `django_migrations`
--

DROP TABLE IF EXISTS `django_migrations`;
/*!40101 SET @saved_cs_client     = @@character_set_client */;
 SET character_set_client = utf8mb4 ;
CREATE TABLE `django_migrations` (
  `id` int(11) NOT NULL AUTO_INCREMENT,
  `app` varchar(255) NOT NULL,
  `name` varchar(255) NOT NULL,
  `applied` datetime(6) NOT NULL,
  PRIMARY KEY (`id`)
) ENGINE=InnoDB AUTO_INCREMENT=64 DEFAULT CHARSET=utf8;
/*!40101 SET character_set_client = @saved_cs_client */;

--
-- Dumping data for table `django_migrations`
--

LOCK TABLES `django_migrations` WRITE;
/*!40000 ALTER TABLE `django_migrations` DISABLE KEYS */;
INSERT INTO `django_migrations` VALUES (1,'contenttypes','0001_initial','2019-11-18 13:50:38.058014'),(2,'auth','0001_initial','2019-11-18 13:50:41.727590'),(3,'admin','0001_initial','2019-11-18 13:51:02.443290'),(4,'admin','0002_logentry_remove_auto_add','2019-11-18 13:51:10.480336'),(5,'admin','0003_logentry_add_action_flag_choices','2019-11-18 13:51:10.578243'),(6,'contenttypes','0002_remove_content_type_name','2019-11-18 13:51:13.530665'),(7,'auth','0002_alter_permission_name_max_length','2019-11-18 13:51:15.253588'),(8,'auth','0003_alter_user_email_max_length','2019-11-18 13:51:16.798763'),(9,'auth','0004_alter_user_username_opts','2019-11-18 13:51:16.879730'),(10,'auth','0005_alter_user_last_login_null','2019-11-18 13:51:18.350864'),(11,'auth','0006_require_contenttypes_0002','2019-11-18 13:51:18.423820'),(12,'auth','0007_alter_validators_add_error_messages','2019-11-18 13:51:18.538755'),(13,'auth','0008_alter_user_username_max_length','2019-11-18 13:51:20.791384'),(14,'auth','0009_alter_user_last_name_max_length','2019-11-18 13:51:26.526968'),(15,'auth','0010_alter_group_name_max_length','2019-11-18 13:51:29.945155'),(16,'auth','0011_update_proxy_permissions','2019-11-18 13:51:30.126082'),(17,'blog','0001_initial','2019-11-18 13:51:31.506592'),(18,'blog','0002_auto_20191031_1004','2019-11-18 13:51:40.870715'),(19,'blog','0003_auto_20191101_1054','2019-11-18 13:51:41.516835'),(20,'blog','0004_auto_20191101_1121','2019-11-18 13:51:41.746700'),(21,'blog','0005_blog_readed_num','2019-11-18 13:51:44.662681'),(22,'blog','0006_auto_20191104_0959','2019-11-18 13:51:48.462632'),(23,'blog','0007_delete_readnum','2019-11-18 13:51:50.657374'),(24,'blog','0008_auto_20191113_1138','2019-11-18 13:51:55.782721'),(25,'comment','0001_initial','2019-11-18 13:51:56.434367'),(26,'comment','0002_auto_20191110_1759','2019-11-18 13:52:03.772663'),(27,'comment','0003_comment_parent','2019-11-18 13:52:04.707842'),(28,'comment','0004_auto_20191112_1232','2019-11-18 13:52:10.617123'),(29,'comment','0005_auto_20191112_1237','2019-11-18 13:52:16.451797'),(30,'comment','0006_auto_20191113_1138','2019-11-18 13:52:37.542074'),(31,'likes','0001_initial','2019-11-18 13:52:41.624631'),(32,'read_account','0001_initial','2019-11-18 13:52:51.504185'),(33,'read_account','0002_readdetail','2019-11-18 13:52:54.888437'),(34,'read_account','0003_auto_20191113_1138','2019-11-18 13:53:06.791976'),(35,'sessions','0001_initial','2019-11-18 13:53:07.556537'),(36,'user','0001_initial','2019-11-18 13:53:09.214615'),(37,'user','0002_auto_20191118_1327','2019-11-18 13:53:13.349211'),(38,'notifications','0001_initial','2019-11-21 12:14:55.159832'),(39,'notifications','0002_auto_20150224_1134','2019-11-21 12:15:04.626903'),(40,'notifications','0003_notification_data','2019-11-21 12:15:05.386463'),(41,'notifications','0004_auto_20150826_1508','2019-11-21 12:15:05.562361'),(42,'notifications','0005_auto_20160504_1520','2019-11-21 12:15:05.773258'),(43,'notifications','0006_indexes','2019-11-21 12:15:13.651525'),(44,'user','0002_auto_20191124_1956','2019-11-24 19:57:07.799566'),(45,'captcha','0001_initial','2019-11-25 12:18:51.412468'),(46,'default','0001_initial','2019-12-11 22:42:22.094153'),(47,'social_auth','0001_initial','2019-12-11 22:42:22.265047'),(48,'default','0002_add_related_name','2019-12-11 22:42:34.887165'),(49,'social_auth','0002_add_related_name','2019-12-11 22:42:35.032083'),(50,'default','0003_alter_email_max_length','2019-12-11 22:42:38.112319'),(51,'social_auth','0003_alter_email_max_length','2019-12-11 22:42:38.198267'),(52,'default','0004_auto_20160423_0400','2019-12-11 22:42:38.421139'),(53,'social_auth','0004_auto_20160423_0400','2019-12-11 22:42:38.753948'),(54,'social_auth','0005_auto_20160727_2333','2019-12-11 22:42:39.600468'),(55,'social_django','0006_partial','2019-12-11 22:42:42.854410'),(56,'social_django','0007_code_timestamp','2019-12-11 22:42:47.004598'),(57,'social_django','0008_partial_timestamp','2019-12-11 22:42:52.273913'),(58,'social_django','0003_alter_email_max_length','2019-12-11 22:42:53.660050'),(59,'social_django','0001_initial','2019-12-11 22:42:54.019840'),(60,'social_django','0005_auto_20160727_2333','2019-12-11 22:42:54.267700'),(61,'social_django','0002_add_related_name','2019-12-11 22:42:54.837374'),(62,'social_django','0004_auto_20160423_0400','2019-12-11 22:42:55.278354'),(63,'user','0003_oauthrelationship','2019-12-12 13:37:32.093126');
/*!40000 ALTER TABLE `django_migrations` ENABLE KEYS */;
UNLOCK TABLES;

--
-- Table structure for table `django_session`
--

DROP TABLE IF EXISTS `django_session`;
/*!40101 SET @saved_cs_client     = @@character_set_client */;
 SET character_set_client = utf8mb4 ;
CREATE TABLE `django_session` (
  `session_key` varchar(40) NOT NULL,
  `session_data` longtext NOT NULL,
  `expire_date` datetime(6) NOT NULL,
  PRIMARY KEY (`session_key`),
  KEY `django_session_expire_date_a5c62663` (`expire_date`)
) ENGINE=InnoDB DEFAULT CHARSET=utf8;
/*!40101 SET character_set_client = @saved_cs_client */;

--
-- Dumping data for table `django_session`
--

LOCK TABLES `django_session` WRITE;
/*!40000 ALTER TABLE `django_session` DISABLE KEYS */;
INSERT INTO `django_session` VALUES ('2olmp3wftcb6ty7uccr9lqudb1w5e879','ZWVkYjRhZWQ3OGMzYTNmNWE5ODUwNjI5MjVjYzIzYmFlYWQzZWE4MDp7Il9hdXRoX3VzZXJfaWQiOiIxIiwiX2F1dGhfdXNlcl9iYWNrZW5kIjoiZGphbmdvLmNvbnRyaWIuYXV0aC5iYWNrZW5kcy5Nb2RlbEJhY2tlbmQiLCJfYXV0aF91c2VyX2hhc2giOiJhZGFkM2I4ZGIwMTE4ZWFjMWEzM2FiZDdiM2I5YTBjNThhMDcyOWRlIn0=','2019-11-15 02:28:31.060000'),('95wpo5zu5zhnkizg0n72yvr5nuznnuqi','YThmZTQ2N2FmMGQzMWI0YWE4M2U3M2QyNWY4MGUxOWRiMzQ0YWIzMzp7Il9hdXRoX3VzZXJfaWQiOiIxIiwiX2F1dGhfdXNlcl9iYWNrZW5kIjoiZGphbmdvLmNvbnRyaWIuYXV0aC5iYWNrZW5kcy5Nb2RlbEJhY2tlbmQiLCJfYXV0aF91c2VyX2hhc2giOiI5ZTc4MjU3NjYwMmJhZjkxNzc0MWY0ZDNkZjg0YjNiMjg4MTZlMmNkIn0=','2019-12-04 11:03:15.581433'),('dzzzfbeiwpq3uzcbsvvb6429j81cpab4','ZWVkYjRhZWQ3OGMzYTNmNWE5ODUwNjI5MjVjYzIzYmFlYWQzZWE4MDp7Il9hdXRoX3VzZXJfaWQiOiIxIiwiX2F1dGhfdXNlcl9iYWNrZW5kIjoiZGphbmdvLmNvbnRyaWIuYXV0aC5iYWNrZW5kcy5Nb2RlbEJhY2tlbmQiLCJfYXV0aF91c2VyX2hhc2giOiJhZGFkM2I4ZGIwMTE4ZWFjMWEzM2FiZDdiM2I5YTBjNThhMDcyOWRlIn0=','2019-11-18 02:48:59.012000'),('epafqt5q49edglly8345pbfx5eb4mcap','YTRkODY5MjkyNzQyMzZlN2M3YzI3NjQ2ZTMwNmQ1NzZmN2U3NzU2Njp7Il9hdXRoX3VzZXJfaWQiOiI5IiwiX2F1dGhfdXNlcl9iYWNrZW5kIjoiZGphbmdvLmNvbnRyaWIuYXV0aC5iYWNrZW5kcy5Nb2RlbEJhY2tlbmQiLCJfYXV0aF91c2VyX2hhc2giOiJkYTc2MTA4M2M1ZGVmZjBlNWI1OTVmMTU4NDdmNDEwNDIxYmNmOTFiIn0=','2019-12-27 19:20:59.018115'),('i3cft6yprtbdhq1lwktksso5y6aoqsne','YThmZTQ2N2FmMGQzMWI0YWE4M2U3M2QyNWY4MGUxOWRiMzQ0YWIzMzp7Il9hdXRoX3VzZXJfaWQiOiIxIiwiX2F1dGhfdXNlcl9iYWNrZW5kIjoiZGphbmdvLmNvbnRyaWIuYXV0aC5iYWNrZW5kcy5Nb2RlbEJhY2tlbmQiLCJfYXV0aF91c2VyX2hhc2giOiI5ZTc4MjU3NjYwMmJhZjkxNzc0MWY0ZDNkZjg0YjNiMjg4MTZlMmNkIn0=','2019-11-30 12:16:13.535000'),('kkdfyct3lf897zk4ijj4v7vow78fkyg2','ZWVkYjRhZWQ3OGMzYTNmNWE5ODUwNjI5MjVjYzIzYmFlYWQzZWE4MDp7Il9hdXRoX3VzZXJfaWQiOiIxIiwiX2F1dGhfdXNlcl9iYWNrZW5kIjoiZGphbmdvLmNvbnRyaWIuYXV0aC5iYWNrZW5kcy5Nb2RlbEJhY2tlbmQiLCJfYXV0aF91c2VyX2hhc2giOiJhZGFkM2I4ZGIwMTE4ZWFjMWEzM2FiZDdiM2I5YTBjNThhMDcyOWRlIn0=','2019-11-24 10:00:28.945000'),('l53tpivr4thih8bmw44qx6lja1pkig5w','MTgzMWZjYWVmNmIxNzY1NWE4ZTEyNjJlMTk1M2YxMTkyMGFhZjhjMjp7InNlbmRfY29kZV90aW1lIjoxNTc1MjYxMzQ2LCJfYXV0aF91c2VyX2lkIjoiMSIsIl9hdXRoX3VzZXJfYmFja2VuZCI6ImRqYW5nby5jb250cmliLmF1dGguYmFja2VuZHMuTW9kZWxCYWNrZW5kIiwiX2F1dGhfdXNlcl9oYXNoIjoiNGFkMTllNGY2NTVlYWE3ZmEzNjYwZDc4MjE5NTAxYjI1MTFmYTc0NSJ9','2019-12-16 12:36:37.389628'),('ql6en34unf7xw3k32hn3z4je0ahjgm10','YThmZTQ2N2FmMGQzMWI0YWE4M2U3M2QyNWY4MGUxOWRiMzQ0YWIzMzp7Il9hdXRoX3VzZXJfaWQiOiIxIiwiX2F1dGhfdXNlcl9iYWNrZW5kIjoiZGphbmdvLmNvbnRyaWIuYXV0aC5iYWNrZW5kcy5Nb2RlbEJhY2tlbmQiLCJfYXV0aF91c2VyX2hhc2giOiI5ZTc4MjU3NjYwMmJhZjkxNzc0MWY0ZDNkZjg0YjNiMjg4MTZlMmNkIn0=','2019-12-04 11:10:06.204320'),('u3p3jeybslwma4ia6wqp774k8bxjz5i3','ZWVkYjRhZWQ3OGMzYTNmNWE5ODUwNjI5MjVjYzIzYmFlYWQzZWE4MDp7Il9hdXRoX3VzZXJfaWQiOiIxIiwiX2F1dGhfdXNlcl9iYWNrZW5kIjoiZGphbmdvLmNvbnRyaWIuYXV0aC5iYWNrZW5kcy5Nb2RlbEJhY2tlbmQiLCJfYXV0aF91c2VyX2hhc2giOiJhZGFkM2I4ZGIwMTE4ZWFjMWEzM2FiZDdiM2I5YTBjNThhMDcyOWRlIn0=','2019-11-18 01:10:21.784000'),('y7qbo2vxcif78m6d4fmyc3nnoxba5y9p','ZWVkYjRhZWQ3OGMzYTNmNWE5ODUwNjI5MjVjYzIzYmFlYWQzZWE4MDp7Il9hdXRoX3VzZXJfaWQiOiIxIiwiX2F1dGhfdXNlcl9iYWNrZW5kIjoiZGphbmdvLmNvbnRyaWIuYXV0aC5iYWNrZW5kcy5Nb2RlbEJhY2tlbmQiLCJfYXV0aF91c2VyX2hhc2giOiJhZGFkM2I4ZGIwMTE4ZWFjMWEzM2FiZDdiM2I5YTBjNThhMDcyOWRlIn0=','2019-11-21 02:16:31.877000'),('y89m0fpurnyvwp2n033jwhfnblv5g3p5','ZWVkYjRhZWQ3OGMzYTNmNWE5ODUwNjI5MjVjYzIzYmFlYWQzZWE4MDp7Il9hdXRoX3VzZXJfaWQiOiIxIiwiX2F1dGhfdXNlcl9iYWNrZW5kIjoiZGphbmdvLmNvbnRyaWIuYXV0aC5iYWNrZW5kcy5Nb2RlbEJhY2tlbmQiLCJfYXV0aF91c2VyX2hhc2giOiJhZGFkM2I4ZGIwMTE4ZWFjMWEzM2FiZDdiM2I5YTBjNThhMDcyOWRlIn0=','2019-11-14 06:03:13.860000');
/*!40000 ALTER TABLE `django_session` ENABLE KEYS */;
UNLOCK TABLES;

--
-- Table structure for table `likes_likecount`
--

DROP TABLE IF EXISTS `likes_likecount`;
/*!40101 SET @saved_cs_client     = @@character_set_client */;
 SET character_set_client = utf8mb4 ;
CREATE TABLE `likes_likecount` (
  `id` int(11) NOT NULL AUTO_INCREMENT,
  `object_id` int(10) unsigned NOT NULL,
  `liked_num` int(11) NOT NULL,
  `content_type_id` int(11) NOT NULL,
  PRIMARY KEY (`id`),
  KEY `likes_likecount_content_type_id_a33eb91e_fk_django_co` (`content_type_id`),
  CONSTRAINT `likes_likecount_content_type_id_a33eb91e_fk_django_co` FOREIGN KEY (`content_type_id`) REFERENCES `django_content_type` (`id`)
) ENGINE=InnoDB AUTO_INCREMENT=91 DEFAULT CHARSET=utf8;
/*!40101 SET character_set_client = @saved_cs_client */;

--
-- Dumping data for table `likes_likecount`
--

LOCK TABLES `likes_likecount` WRITE;
/*!40000 ALTER TABLE `likes_likecount` DISABLE KEYS */;
INSERT INTO `likes_likecount` VALUES (1,112,1,8),(2,49,1,12),(3,48,0,12),(4,46,0,12),(5,45,0,12),(6,40,1,12),(7,44,0,12),(8,47,1,12),(9,39,0,12),(10,38,0,12),(11,37,0,12),(12,36,0,12),(13,35,0,12),(14,34,0,12),(15,33,0,12),(16,32,0,12),(17,31,0,12),(18,30,0,12),(19,29,0,12),(20,28,0,12),(21,27,0,12),(22,26,0,12),(23,25,0,12),(24,24,0,12),(25,23,0,12),(26,22,0,12),(27,21,0,12),(28,20,0,12),(29,19,0,12),(30,18,0,12),(31,17,0,12),(32,16,0,12),(33,15,0,12),(34,14,0,12),(35,13,0,12),(36,8,0,12),(37,7,0,12),(38,5,1,12),(39,43,0,12),(40,111,1,8),(41,110,0,8),(42,109,0,8),(43,108,0,8),(44,107,0,8),(45,106,0,8),(46,9,1,12),(47,11,0,12),(48,50,0,12),(49,52,0,12),(50,51,0,12),(51,55,0,12),(52,54,0,12),(53,53,0,12),(54,57,1,12),(55,56,1,12),(56,59,1,12),(57,58,1,12),(58,61,0,12),(59,60,0,12),(60,65,1,12),(61,64,1,12),(62,63,1,12),(63,62,1,12),(64,7,0,8),(65,66,0,12),(66,67,0,12),(67,73,1,12),(68,72,1,12),(69,71,1,12),(70,70,0,12),(71,68,1,12),(72,69,0,12),(73,74,1,12),(74,75,1,12),(75,76,1,12),(76,77,0,12),(77,78,0,12),(78,82,0,12),(79,81,1,12),(80,80,0,12),(81,79,0,12),(82,83,0,12),(83,85,1,12),(84,84,1,12),(85,86,0,12),(86,87,1,12),(87,88,1,12),(88,89,0,12),(89,12,0,12),(90,90,0,12);
/*!40000 ALTER TABLE `likes_likecount` ENABLE KEYS */;
UNLOCK TABLES;

--
-- Table structure for table `likes_likerecord`
--

DROP TABLE IF EXISTS `likes_likerecord`;
/*!40101 SET @saved_cs_client     = @@character_set_client */;
 SET character_set_client = utf8mb4 ;
CREATE TABLE `likes_likerecord` (
  `id` int(11) NOT NULL AUTO_INCREMENT,
  `object_id` int(10) unsigned NOT NULL,
  `liked_time` datetime(6) NOT NULL,
  `content_type_id` int(11) NOT NULL,
  `user_id` int(11) NOT NULL,
  PRIMARY KEY (`id`),
  KEY `likes_likerecord_content_type_id_4e35de35_fk_django_co` (`content_type_id`),
  KEY `likes_likerecord_user_id_c85b88bd_fk_auth_user_id` (`user_id`),
  CONSTRAINT `likes_likerecord_content_type_id_4e35de35_fk_django_co` FOREIGN KEY (`content_type_id`) REFERENCES `django_content_type` (`id`),
  CONSTRAINT `likes_likerecord_user_id_c85b88bd_fk_auth_user_id` FOREIGN KEY (`user_id`) REFERENCES `auth_user` (`id`)
) ENGINE=InnoDB AUTO_INCREMENT=35 DEFAULT CHARSET=utf8;
/*!40101 SET character_set_client = @saved_cs_client */;

--
-- Dumping data for table `likes_likerecord`
--

LOCK TABLES `likes_likerecord` WRITE;
/*!40000 ALTER TABLE `likes_likerecord` DISABLE KEYS */;
INSERT INTO `likes_likerecord` VALUES (2,49,'2019-11-13 13:43:36.981000',12,1),(5,40,'2019-11-13 13:43:47.268000',12,1),(6,111,'2019-11-13 13:44:45.341000',8,1),(9,65,'2019-11-14 12:57:45.270000',12,1),(11,75,'2019-11-20 11:03:29.835534',12,1),(12,74,'2019-11-20 11:03:33.644059',12,1),(13,73,'2019-11-20 11:03:35.041934',12,1),(14,112,'2019-11-20 11:04:54.934082',8,1),(15,9,'2019-11-20 11:10:11.784913',12,1),(16,85,'2019-11-22 14:07:19.310108',12,1),(17,84,'2019-11-22 19:02:15.825829',12,1),(18,81,'2019-11-22 19:02:16.846133',12,1),(19,47,'2019-11-22 19:08:21.338135',12,1),(20,5,'2019-11-22 19:08:52.611064',12,1),(21,71,'2019-11-22 19:28:31.358212',12,1),(22,76,'2019-11-22 20:07:13.234281',12,1),(23,72,'2019-11-22 20:07:15.081884',12,1),(24,68,'2019-11-22 20:07:16.660802',12,1),(25,64,'2019-11-22 20:09:54.480692',12,1),(26,88,'2019-11-22 20:09:55.314777',12,1),(27,63,'2019-11-22 20:09:56.309443',12,1),(28,62,'2019-11-22 20:09:57.274655',12,1),(29,57,'2019-11-22 20:11:45.802892',12,1),(30,58,'2019-11-22 20:11:46.494476',12,1),(31,59,'2019-11-22 20:11:47.430344',12,1),(32,56,'2019-11-22 20:11:48.557589',12,1),(33,87,'2019-11-24 18:06:51.775240',12,1);
/*!40000 ALTER TABLE `likes_likerecord` ENABLE KEYS */;
UNLOCK TABLES;

--
-- Table structure for table `my_cache_table`
--

DROP TABLE IF EXISTS `my_cache_table`;
/*!40101 SET @saved_cs_client     = @@character_set_client */;
 SET character_set_client = utf8mb4 ;
CREATE TABLE `my_cache_table` (
  `cache_key` varchar(255) NOT NULL,
  `value` longtext NOT NULL,
  `expires` datetime(6) NOT NULL,
  PRIMARY KEY (`cache_key`),
  KEY `my_cache_table_expires` (`expires`)
) ENGINE=InnoDB DEFAULT CHARSET=utf8;
/*!40101 SET character_set_client = @saved_cs_client */;

--
-- Dumping data for table `my_cache_table`
--

LOCK TABLES `my_cache_table` WRITE;
/*!40000 ALTER TABLE `my_cache_table` DISABLE KEYS */;
INSERT INTO `my_cache_table` VALUES (':1:senven_days_hot_blogs','gASViAoAAAAAAACMFmRqYW5nby5kYi5tb2RlbHMucXVlcnmUjAhRdWVyeVNldJSTlCmBlH2UKIwFbW9kZWyUjAtibG9nLm1vZGVsc5SMBEJsb2eUk5SMA19kYpROjAZfaGludHOUfZSMBXF1ZXJ5lIwaZGphbmdvLmRiLm1vZGVscy5zcWwucXVlcnmUjAVRdWVyeZSTlCmBlH2UKGgFaAiMDmFsaWFzX3JlZmNvdW50lH2UKIwJYmxvZ19ibG9nlEsEjBdyZWFkX2FjY291bnRfcmVhZGRldGFpbJRLA3WMCWFsaWFzX21hcJSMC2NvbGxlY3Rpb25zlIwLT3JkZXJlZERpY3SUk5QpUpQoaBSMI2RqYW5nby5kYi5tb2RlbHMuc3FsLmRhdGFzdHJ1Y3R1cmVzlIwJQmFzZVRhYmxllJOUKYGUfZQojAp0YWJsZV9uYW1llGgUjAt0YWJsZV9hbGlhc5RoFHViaBVoG4wESm9pbpSTlCmBlH2UKGggaBWMDHBhcmVudF9hbGlhc5RoFGghaBWMCWpvaW5fdHlwZZSMCklOTkVSIEpPSU6UjAlqb2luX2NvbHOUjAJpZJSMCW9iamVjdF9pZJSGlIWUjApqb2luX2ZpZWxklIwiZGphbmdvLmNvbnRyaWIuY29udGVudHR5cGVzLmZpZWxkc5SMCkdlbmVyaWNSZWyUk5QpgZR9lCiMBWZpZWxklIwXZGphbmdvLmRiLm1vZGVscy5maWVsZHOUjAtfbG9hZF9maWVsZJSTlIwEYmxvZ5RoB4wMcmVhZF9kZXRhaWxzlIeUUpRoBYwTcmVhZF9hY2NvdW50Lm1vZGVsc5SMClJlYWREZXRhaWyUk5SMDHJlbGF0ZWRfbmFtZZSMASuUjBJyZWxhdGVkX3F1ZXJ5X25hbWWUTowQbGltaXRfY2hvaWNlc190b5R9lIwLcGFyZW50X2xpbmuUiYwJb25fZGVsZXRllIwZZGphbmdvLmRiLm1vZGVscy5kZWxldGlvbpSMCkRPX05PVEhJTkeUk5SMC3N5bW1ldHJpY2FslImMCG11bHRpcGxllIh1YowIbnVsbGFibGWUiIwRZmlsdGVyZWRfcmVsYXRpb26UTnVidYwQZXh0ZXJuYWxfYWxpYXNlc5SPlIwJdGFibGVfbWFwlH2UKGgUXZRoFGFoFV2UaBVhdYwMZGVmYXVsdF9jb2xzlImMEGRlZmF1bHRfb3JkZXJpbmeUiIwRc3RhbmRhcmRfb3JkZXJpbmeUiIwMdXNlZF9hbGlhc2VzlI+UjBBmaWx0ZXJfaXNfc3RpY2t5lImMCHN1YnF1ZXJ5lImMBnNlbGVjdJSMHGRqYW5nby5kYi5tb2RlbHMuZXhwcmVzc2lvbnOUjANDb2yUk5QpgZR9lCiMEV9jb25zdHJ1Y3Rvcl9hcmdzlGgUaDdoOGgHaCqHlFKUhpR9lIaUjAxvdXRwdXRfZmllbGSUaGKMBWFsaWFzlGgUjAZ0YXJnZXSUaGJ1YmhdKYGUfZQoaGBoFGg3aDhoB4wFdGl0bGWUh5RSlIaUfZSGlGhmaG1oZ2gUaGhobXVihpSMBXdoZXJllIwaZGphbmdvLmRiLm1vZGVscy5zcWwud2hlcmWUjAlXaGVyZU5vZGWUk5QpgZR9lCiMCGNoaWxkcmVulF2UKIwYZGphbmdvLmRiLm1vZGVscy5sb29rdXBzlIwSR3JlYXRlclRoYW5PckVxdWFslJOUKYGUfZQojANsaHOUaF0pgZR9lChoYGgVaDeMDHJlYWRfYWNjb3VudJRoPYwEZGF0ZZSHlFKUhpR9lIaUaGZohWhnaBVoaGiFjBJjb250YWluc19hZ2dyZWdhdGWUiXVijANyaHOUjAhkYXRldGltZZSMBGRhdGWUk5RDBAfjDAaUhZRSlIwUYmlsYXRlcmFsX3RyYW5zZm9ybXOUXZRoiYl1Ymh6jAhMZXNzVGhhbpSTlCmBlH2UKGh/aIBoimiNQwQH4wwNlIWUUpRokV2UaImJdWJljAljb25uZWN0b3KUjANBTkSUjAduZWdhdGVklIloiYl1YowLd2hlcmVfY2xhc3OUaHWMCGdyb3VwX2J5lGheaGmGlIwIb3JkZXJfYnmUjA0tcmVhZF9udW1fc3VtlIWUjAhsb3dfbWFya5RLAIwJaGlnaF9tYXJrlEsHjAhkaXN0aW5jdJSJjA9kaXN0aW5jdF9maWVsZHOUKYwRc2VsZWN0X2Zvcl91cGRhdGWUiYwYc2VsZWN0X2Zvcl91cGRhdGVfbm93YWl0lImMHXNlbGVjdF9mb3JfdXBkYXRlX3NraXBfbG9ja2VklImMFHNlbGVjdF9mb3JfdXBkYXRlX29mlCmMDnNlbGVjdF9yZWxhdGVklImMCW1heF9kZXB0aJRLBYwNdmFsdWVzX3NlbGVjdJRoKmhrhpSMDF9hbm5vdGF0aW9uc5RoGSlSlIwMcmVhZF9udW1fc3VtlIwbZGphbmdvLmRiLm1vZGVscy5hZ2dyZWdhdGVzlIwDU3VtlJOUKYGUfZQoaGCMFnJlYWRfZGV0YWlsc19fcmVhZF9udW2UhZR9lIaUaKaJjAZmaWx0ZXKUTowSc291cmNlX2V4cHJlc3Npb25zlF2UaF0pgZR9lChoYGgVaDdogmg9jAhyZWFkX251bZSHlFKUhpR9lIaUaGZow2hnaBVoaGjDjBVfb3V0cHV0X2ZpZWxkX29yX25vbmWUaMNoiYl1YmGMBWV4dHJhlH2UjAppc19zdW1tYXJ5lIloZmjDdWJzjBZhbm5vdGF0aW9uX3NlbGVjdF9tYXNrlI+UKGiykIwYX2Fubm90YXRpb25fc2VsZWN0X2NhY2hllGgZKVKUaLJotnOMCmNvbWJpbmF0b3KUTowOY29tYmluYXRvcl9hbGyUiYwQY29tYmluZWRfcXVlcmllc5QpjAZfZXh0cmGUTowRZXh0cmFfc2VsZWN0X21hc2uUj5SME19leHRyYV9zZWxlY3RfY2FjaGWUTowMZXh0cmFfdGFibGVzlCmMDmV4dHJhX29yZGVyX2J5lCmMEGRlZmVycmVkX2xvYWRpbmeUKJGUiIaUjBNfZmlsdGVyZWRfcmVsYXRpb25zlH2UjA1leHBsYWluX3F1ZXJ5lImMDmV4cGxhaW5fZm9ybWF0lE6MD2V4cGxhaW5fb3B0aW9uc5R9lIwNX2xvb2t1cF9qb2luc5RdlChoFGgVZYwKYmFzZV90YWJsZZRoFHVijA1fcmVzdWx0X2NhY2hllF2UfZQoaCpLcGhrjBjogIPot6/kuIrnmoTogqHnpajpmo/kvr+UaLJLAXVhjA5fc3RpY2t5X2ZpbHRlcpSJjApfZm9yX3dyaXRllImMGV9wcmVmZXRjaF9yZWxhdGVkX2xvb2t1cHOUKYwOX3ByZWZldGNoX2RvbmWUiYwWX2tub3duX3JlbGF0ZWRfb2JqZWN0c5R9lIwPX2l0ZXJhYmxlX2NsYXNzlGgAjA5WYWx1ZXNJdGVyYWJsZZSTlIwHX2ZpZWxkc5RoKmhrhpSMD19kamFuZ29fdmVyc2lvbpSMBTIuMi43lHViLg==','2019-12-13 19:49:17.000000');
/*!40000 ALTER TABLE `my_cache_table` ENABLE KEYS */;
UNLOCK TABLES;

--
-- Table structure for table `notifications_notification`
--

DROP TABLE IF EXISTS `notifications_notification`;
/*!40101 SET @saved_cs_client     = @@character_set_client */;
 SET character_set_client = utf8mb4 ;
CREATE TABLE `notifications_notification` (
  `id` int(11) NOT NULL AUTO_INCREMENT,
  `level` varchar(20) NOT NULL,
  `unread` tinyint(1) NOT NULL,
  `actor_object_id` varchar(255) NOT NULL,
  `verb` varchar(255) NOT NULL,
  `description` longtext,
  `target_object_id` varchar(255) DEFAULT NULL,
  `action_object_object_id` varchar(255) DEFAULT NULL,
  `timestamp` datetime(6) NOT NULL,
  `public` tinyint(1) NOT NULL,
  `action_object_content_type_id` int(11) DEFAULT NULL,
  `actor_content_type_id` int(11) NOT NULL,
  `recipient_id` int(11) NOT NULL,
  `target_content_type_id` int(11) DEFAULT NULL,
  `deleted` tinyint(1) NOT NULL,
  `emailed` tinyint(1) NOT NULL,
  `data` longtext,
  PRIMARY KEY (`id`),
  KEY `notifications_notifi_action_object_conten_7d2b8ee9_fk_django_co` (`action_object_content_type_id`),
  KEY `notifications_notifi_actor_content_type_i_0c69d7b7_fk_django_co` (`actor_content_type_id`),
  KEY `notifications_notification_recipient_id_d055f3f0_fk_auth_user_id` (`recipient_id`),
  KEY `notifications_notifi_target_content_type__ccb24d88_fk_django_co` (`target_content_type_id`),
  KEY `notifications_notification_deleted_b32b69e6` (`deleted`),
  KEY `notifications_notification_emailed_23a5ad81` (`emailed`),
  KEY `notifications_notification_public_1bc30b1c` (`public`),
  KEY `notifications_notification_unread_cce4be30` (`unread`),
  CONSTRAINT `notifications_notifi_action_object_conten_7d2b8ee9_fk_django_co` FOREIGN KEY (`action_object_content_type_id`) REFERENCES `django_content_type` (`id`),
  CONSTRAINT `notifications_notifi_actor_content_type_i_0c69d7b7_fk_django_co` FOREIGN KEY (`actor_content_type_id`) REFERENCES `django_content_type` (`id`),
  CONSTRAINT `notifications_notifi_target_content_type__ccb24d88_fk_django_co` FOREIGN KEY (`target_content_type_id`) REFERENCES `django_content_type` (`id`),
  CONSTRAINT `notifications_notification_recipient_id_d055f3f0_fk_auth_user_id` FOREIGN KEY (`recipient_id`) REFERENCES `auth_user` (`id`)
) ENGINE=InnoDB AUTO_INCREMENT=33 DEFAULT CHARSET=utf8;
/*!40101 SET character_set_client = @saved_cs_client */;

--
-- Dumping data for table `notifications_notification`
--

LOCK TABLES `notifications_notification` WRITE;
/*!40000 ALTER TABLE `notifications_notification` DISABLE KEYS */;
INSERT INTO `notifications_notification` VALUES (29,'info',1,'9','注册成功，更多精彩内容等你发现',NULL,NULL,'9','2019-12-12 13:42:59.996472',1,4,4,9,NULL,0,0,'{\"url\":\"/user/user_info/\"}'),(30,'info',1,'10','注册成功，更多精彩内容等你发现',NULL,NULL,'10','2019-12-12 13:44:17.434166',1,4,4,10,NULL,0,0,'{\"url\":\"/user/user_info/\"}'),(31,'info',1,'9','好的 评论了你的《考路上的股票随便》',NULL,NULL,'90','2019-12-12 13:51:11.088269',1,12,4,1,NULL,0,0,'{\"url\":\"/blog/112#comment_90\"}'),(32,'info',1,'9','好的 点赞了你的《考路上的股票随便》',NULL,NULL,'34','2019-12-12 14:36:20.576661',1,13,4,1,NULL,0,0,'{\"url\":\"/blog/112\"}');
/*!40000 ALTER TABLE `notifications_notification` ENABLE KEYS */;
UNLOCK TABLES;

--
-- Table structure for table `read_account_readdetail`
--

DROP TABLE IF EXISTS `read_account_readdetail`;
/*!40101 SET @saved_cs_client     = @@character_set_client */;
 SET character_set_client = utf8mb4 ;
CREATE TABLE `read_account_readdetail` (
  `id` int(11) NOT NULL AUTO_INCREMENT,
  `date` date NOT NULL,
  `read_num` int(11) NOT NULL,
  `object_id` int(10) unsigned NOT NULL,
  `content_type_id` int(11) NOT NULL,
  PRIMARY KEY (`id`),
  KEY `read_account_readdet_content_type_id_5c698a08_fk_django_co` (`content_type_id`),
  CONSTRAINT `read_account_readdet_content_type_id_5c698a08_fk_django_co` FOREIGN KEY (`content_type_id`) REFERENCES `django_content_type` (`id`)
) ENGINE=InnoDB AUTO_INCREMENT=31 DEFAULT CHARSET=utf8;
/*!40101 SET character_set_client = @saved_cs_client */;

--
-- Dumping data for table `read_account_readdetail`
--

LOCK TABLES `read_account_readdetail` WRITE;
/*!40000 ALTER TABLE `read_account_readdetail` DISABLE KEYS */;
INSERT INTO `read_account_readdetail` VALUES (1,'2019-11-03',4,112,8),(2,'2019-11-04',1,112,8),(3,'2019-11-04',1,111,8),(4,'2019-11-03',5,110,8),(5,'2019-11-04',1,110,8),(6,'2019-11-04',1,106,8),(7,'2019-11-05',5,112,8),(8,'2019-11-05',2,111,8),(9,'2019-11-05',1,110,8),(10,'2019-11-05',1,7,8),(11,'2019-11-06',2,112,8),(12,'2019-11-06',1,111,8),(13,'2019-11-06',1,7,8),(14,'2019-11-07',1,112,8),(15,'2019-11-07',1,111,8),(16,'2019-11-11',1,112,8),(17,'2019-11-12',1,109,8),(18,'2019-11-12',1,112,8),(19,'2019-11-12',1,7,8),(20,'2019-11-13',1,111,8),(21,'2019-11-16',1,107,8),(22,'2019-11-22',1,111,8),(23,'2019-11-22',1,110,8),(24,'2019-11-22',1,112,8),(25,'2019-11-22',1,107,8),(26,'2019-11-24',1,110,8),(27,'2019-11-24',1,112,8),(28,'2019-11-24',1,7,8),(29,'2019-12-02',1,112,8),(30,'2019-12-12',1,112,8);
/*!40000 ALTER TABLE `read_account_readdetail` ENABLE KEYS */;
UNLOCK TABLES;

--
-- Table structure for table `read_account_readnum`
--

DROP TABLE IF EXISTS `read_account_readnum`;
/*!40101 SET @saved_cs_client     = @@character_set_client */;
 SET character_set_client = utf8mb4 ;
CREATE TABLE `read_account_readnum` (
  `id` int(11) NOT NULL AUTO_INCREMENT,
  `read_num` int(11) NOT NULL,
  `object_id` int(10) unsigned NOT NULL,
  `content_type_id` int(11) NOT NULL,
  PRIMARY KEY (`id`),
  KEY `read_account_readnum_content_type_id_c10fc9b1_fk_django_co` (`content_type_id`),
  CONSTRAINT `read_account_readnum_content_type_id_c10fc9b1_fk_django_co` FOREIGN KEY (`content_type_id`) REFERENCES `django_content_type` (`id`)
) ENGINE=InnoDB AUTO_INCREMENT=9 DEFAULT CHARSET=utf8;
/*!40101 SET character_set_client = @saved_cs_client */;

--
-- Dumping data for table `read_account_readnum`
--

LOCK TABLES `read_account_readnum` WRITE;
/*!40000 ALTER TABLE `read_account_readnum` DISABLE KEYS */;
INSERT INTO `read_account_readnum` VALUES (1,32,112,8),(2,10,111,8),(3,5,110,8),(4,2,109,8),(5,2,108,8),(6,3,107,8),(7,2,106,8),(8,4,7,8);
/*!40000 ALTER TABLE `read_account_readnum` ENABLE KEYS */;
UNLOCK TABLES;

--
-- Table structure for table `social_auth_association`
--

DROP TABLE IF EXISTS `social_auth_association`;
/*!40101 SET @saved_cs_client     = @@character_set_client */;
 SET character_set_client = utf8mb4 ;
CREATE TABLE `social_auth_association` (
  `id` int(11) NOT NULL AUTO_INCREMENT,
  `server_url` varchar(255) NOT NULL,
  `handle` varchar(255) NOT NULL,
  `secret` varchar(255) NOT NULL,
  `issued` int(11) NOT NULL,
  `lifetime` int(11) NOT NULL,
  `assoc_type` varchar(64) NOT NULL,
  PRIMARY KEY (`id`),
  UNIQUE KEY `social_auth_association_server_url_handle_078befa2_uniq` (`server_url`,`handle`)
) ENGINE=InnoDB DEFAULT CHARSET=utf8;
/*!40101 SET character_set_client = @saved_cs_client */;

--
-- Dumping data for table `social_auth_association`
--

LOCK TABLES `social_auth_association` WRITE;
/*!40000 ALTER TABLE `social_auth_association` DISABLE KEYS */;
/*!40000 ALTER TABLE `social_auth_association` ENABLE KEYS */;
UNLOCK TABLES;

--
-- Table structure for table `social_auth_code`
--

DROP TABLE IF EXISTS `social_auth_code`;
/*!40101 SET @saved_cs_client     = @@character_set_client */;
 SET character_set_client = utf8mb4 ;
CREATE TABLE `social_auth_code` (
  `id` int(11) NOT NULL AUTO_INCREMENT,
  `email` varchar(254) NOT NULL,
  `code` varchar(32) NOT NULL,
  `verified` tinyint(1) NOT NULL,
  `timestamp` datetime(6) NOT NULL,
  PRIMARY KEY (`id`),
  UNIQUE KEY `social_auth_code_email_code_801b2d02_uniq` (`email`,`code`),
  KEY `social_auth_code_code_a2393167` (`code`),
  KEY `social_auth_code_timestamp_176b341f` (`timestamp`)
) ENGINE=InnoDB DEFAULT CHARSET=utf8;
/*!40101 SET character_set_client = @saved_cs_client */;

--
-- Dumping data for table `social_auth_code`
--

LOCK TABLES `social_auth_code` WRITE;
/*!40000 ALTER TABLE `social_auth_code` DISABLE KEYS */;
/*!40000 ALTER TABLE `social_auth_code` ENABLE KEYS */;
UNLOCK TABLES;

--
-- Table structure for table `social_auth_nonce`
--

DROP TABLE IF EXISTS `social_auth_nonce`;
/*!40101 SET @saved_cs_client     = @@character_set_client */;
 SET character_set_client = utf8mb4 ;
CREATE TABLE `social_auth_nonce` (
  `id` int(11) NOT NULL AUTO_INCREMENT,
  `server_url` varchar(255) NOT NULL,
  `timestamp` int(11) NOT NULL,
  `salt` varchar(65) NOT NULL,
  PRIMARY KEY (`id`),
  UNIQUE KEY `social_auth_nonce_server_url_timestamp_salt_f6284463_uniq` (`server_url`,`timestamp`,`salt`)
) ENGINE=InnoDB DEFAULT CHARSET=utf8;
/*!40101 SET character_set_client = @saved_cs_client */;

--
-- Dumping data for table `social_auth_nonce`
--

LOCK TABLES `social_auth_nonce` WRITE;
/*!40000 ALTER TABLE `social_auth_nonce` DISABLE KEYS */;
/*!40000 ALTER TABLE `social_auth_nonce` ENABLE KEYS */;
UNLOCK TABLES;

--
-- Table structure for table `social_auth_partial`
--

DROP TABLE IF EXISTS `social_auth_partial`;
/*!40101 SET @saved_cs_client     = @@character_set_client */;
 SET character_set_client = utf8mb4 ;
CREATE TABLE `social_auth_partial` (
  `id` int(11) NOT NULL AUTO_INCREMENT,
  `token` varchar(32) NOT NULL,
  `next_step` smallint(5) unsigned NOT NULL,
  `backend` varchar(32) NOT NULL,
  `data` longtext NOT NULL,
  `timestamp` datetime(6) NOT NULL,
  PRIMARY KEY (`id`),
  KEY `social_auth_partial_token_3017fea3` (`token`),
  KEY `social_auth_partial_timestamp_50f2119f` (`timestamp`)
) ENGINE=InnoDB DEFAULT CHARSET=utf8;
/*!40101 SET character_set_client = @saved_cs_client */;

--
-- Dumping data for table `social_auth_partial`
--

LOCK TABLES `social_auth_partial` WRITE;
/*!40000 ALTER TABLE `social_auth_partial` DISABLE KEYS */;
/*!40000 ALTER TABLE `social_auth_partial` ENABLE KEYS */;
UNLOCK TABLES;

--
-- Table structure for table `social_auth_usersocialauth`
--

DROP TABLE IF EXISTS `social_auth_usersocialauth`;
/*!40101 SET @saved_cs_client     = @@character_set_client */;
 SET character_set_client = utf8mb4 ;
CREATE TABLE `social_auth_usersocialauth` (
  `id` int(11) NOT NULL AUTO_INCREMENT,
  `provider` varchar(32) NOT NULL,
  `uid` varchar(255) NOT NULL,
  `extra_data` longtext NOT NULL,
  `user_id` int(11) NOT NULL,
  PRIMARY KEY (`id`),
  UNIQUE KEY `social_auth_usersocialauth_provider_uid_e6b5e668_uniq` (`provider`,`uid`),
  KEY `social_auth_usersocialauth_user_id_17d28448_fk_auth_user_id` (`user_id`),
  CONSTRAINT `social_auth_usersocialauth_user_id_17d28448_fk_auth_user_id` FOREIGN KEY (`user_id`) REFERENCES `auth_user` (`id`)
) ENGINE=InnoDB DEFAULT CHARSET=utf8;
/*!40101 SET character_set_client = @saved_cs_client */;

--
-- Dumping data for table `social_auth_usersocialauth`
--

LOCK TABLES `social_auth_usersocialauth` WRITE;
/*!40000 ALTER TABLE `social_auth_usersocialauth` DISABLE KEYS */;
/*!40000 ALTER TABLE `social_auth_usersocialauth` ENABLE KEYS */;
UNLOCK TABLES;

--
-- Table structure for table `user_oauthrelationship`
--

DROP TABLE IF EXISTS `user_oauthrelationship`;
/*!40101 SET @saved_cs_client     = @@character_set_client */;
 SET character_set_client = utf8mb4 ;
CREATE TABLE `user_oauthrelationship` (
  `id` int(11) NOT NULL AUTO_INCREMENT,
  `openid` varchar(128) NOT NULL,
  `oauth_type` int(11) NOT NULL,
  `user_id` int(11) NOT NULL,
  PRIMARY KEY (`id`),
  KEY `user_oauthrelationship_user_id_7fef1477_fk_auth_user_id` (`user_id`),
  CONSTRAINT `user_oauthrelationship_user_id_7fef1477_fk_auth_user_id` FOREIGN KEY (`user_id`) REFERENCES `auth_user` (`id`)
) ENGINE=InnoDB AUTO_INCREMENT=3 DEFAULT CHARSET=utf8;
/*!40101 SET character_set_client = @saved_cs_client */;

--
-- Dumping data for table `user_oauthrelationship`
--

LOCK TABLES `user_oauthrelationship` WRITE;
/*!40000 ALTER TABLE `user_oauthrelationship` DISABLE KEYS */;
INSERT INTO `user_oauthrelationship` VALUES (1,'E6AC9F149E7386513C7333CD215F1424',0,9),(2,'6893F1FC448AF008FA2658373CB371DD',0,10);
/*!40000 ALTER TABLE `user_oauthrelationship` ENABLE KEYS */;
UNLOCK TABLES;

--
-- Table structure for table `user_profile`
--

DROP TABLE IF EXISTS `user_profile`;
/*!40101 SET @saved_cs_client     = @@character_set_client */;
 SET character_set_client = utf8mb4 ;
CREATE TABLE `user_profile` (
  `id` int(11) NOT NULL AUTO_INCREMENT,
  `nickname` varchar(20) NOT NULL,
  `user_id` int(11) NOT NULL,
  PRIMARY KEY (`id`),
  UNIQUE KEY `user_id` (`user_id`),
  CONSTRAINT `user_profile_user_id_8fdce8e2_fk_auth_user_id` FOREIGN KEY (`user_id`) REFERENCES `auth_user` (`id`)
) ENGINE=InnoDB AUTO_INCREMENT=6 DEFAULT CHARSET=utf8;
/*!40101 SET character_set_client = @saved_cs_client */;

--
-- Dumping data for table `user_profile`
--

LOCK TABLES `user_profile` WRITE;
/*!40000 ALTER TABLE `user_profile` DISABLE KEYS */;
INSERT INTO `user_profile` VALUES (1,'彭传文',1),(2,'西米',6),(3,'西米你好',7),(4,'好的',9),(5,'诗圣杜子美',10);
/*!40000 ALTER TABLE `user_profile` ENABLE KEYS */;
UNLOCK TABLES;
/*!40103 SET TIME_ZONE=@OLD_TIME_ZONE */;

/*!40101 SET SQL_MODE=@OLD_SQL_MODE */;
/*!40014 SET FOREIGN_KEY_CHECKS=@OLD_FOREIGN_KEY_CHECKS */;
/*!40014 SET UNIQUE_CHECKS=@OLD_UNIQUE_CHECKS */;
/*!40101 SET CHARACTER_SET_CLIENT=@OLD_CHARACTER_SET_CLIENT */;
/*!40101 SET CHARACTER_SET_RESULTS=@OLD_CHARACTER_SET_RESULTS */;
/*!40101 SET COLLATION_CONNECTION=@OLD_COLLATION_CONNECTION */;
/*!40111 SET SQL_NOTES=@OLD_SQL_NOTES */;

-- Dump completed on 2019-12-13 19:36:17
